Date,HomeTeam,AwayTeam,FTR,Season,played,Time,HTREND,ATREND,H5HTREND,A5ATREND,HLM,ALM,ACUM,HCUM,AAG,HAG,AAGC,HAGC
2013-08-10 00:00:00,0,14,H,1314,1,0,0,0,0,0,0.0,0.0,0.0,0.0,0.0,0.0,0.0,0.0
2013-08-10 00:00:00,4,8,D,1314,1,0,0,0,0,0,0.0,0.0,0.0,0.0,0.0,0.0,0.0,0.0
2013-08-10 00:00:00,15,3,H,1314,1,0,0,0,0,0,0.0,0.0,0.0,0.0,0.0,0.0,0.0,0.0
2013-08-10 00:00:00,19,5,H,1314,1,0,0,0,0,0,0.0,0.0,0.0,0.0,0.0,0.0,0.0,0.0
2013-08-10 00:00:00,20,9,A,1314,1,0,0,0,0,0,0.0,0.0,0.0,0.0,0.0,0.0,0.0,0.0
2013-08-17 00:00:00,3,20,A,1314,1,0,121,121,0,0,0.0,0.0,0.0,0.0,0.0,0.0,0.0,0.0
2013-08-17 00:00:00,5,0,H,1314,1,0,121,242,0,0,0.0,0.0,0.0,0.0,0.0,0.0,0.0,0.0
2013-08-17 00:00:00,8,15,H,1314,1,0,0,242,0,0,0.0,0.0,0.0,0.0,0.0,0.0,0.0,0.0
2013-08-17 00:00:00,9,4,H,1314,1,0,242,0,0,0,0.0,0.0,0.0,0.0,0.0,0.0,0.0,0.0
2013-08-17 00:00:00,14,19,D,1314,1,0,121,242,0,0,0.0,0.0,0.0,0.0,0.0,0.0,0.0,0.0
2013-08-24 00:00:00,0,3,H,1314,1,0,202,162,242,121,3.0,0.0,0.0,3.0,0.0,0.5,1.0,0.0
2013-08-24 00:00:00,4,15,H,1314,1,0,122,202,0,121,1.0,0.0,0.0,1.0,0.5,0.5,1.5,0.5
2013-08-24 00:00:00,9,19,H,1314,1,0,323,81,242,0,3.0,1.0,1.0,3.0,1.5,2.0,1.5,1.5
2013-08-24 00:00:00,14,8,A,1314,1,0,41,243,0,0,1.0,1.0,1.0,1.0,0.5,1.5,0.5,0.5
2013-08-24 00:00:00,20,5,D,1314,1,0,283,283,121,121,0.0,0.0,0.0,0.0,1.5,0.0,2.0,1.5
2013-08-30 00:00:00,5,14,H,1314,1,0,95,136,242,121,3.0,0.0,0.0,3.0,0.0,0.5,0.5,0.0
2013-08-31 00:00:00,3,4,H,1314,1,0,176,284,121,121,0.0,0.0,0.0,0.0,0.5,1.5,2.0,0.5
2013-08-31 00:00:00,8,9,A,1314,1,0,324,350,242,242,3.0,3.0,3.0,3.0,0.5,1.5,0.0,0.5
2013-08-31 00:00:00,15,20,D,1314,1,0,189,95,242,242,3.0,3.0,3.0,3.0,2.0,1.0,1.5,2.0
2013-08-31 00:00:00,19,0,D,1314,1,0,149,310,242,121,3.0,0.0,0.0,3.0,0.0,2.0,0.5,0.0
2013-09-14 00:00:00,0,4,A,1314,1,0,104,217,323,162,3.0,0.0,0.0,6.0,1.0,1.3333333333333333,2.3333333333333335,0.6666666666666666
2013-09-14 00:00:00,3,8,H,1314,1,0,302,230,283,243,3.0,3.0,4.0,3.0,1.3333333333333333,2.0,0.3333333333333333,1.3333333333333333
2013-09-14 00:00:00,5,9,D,1314,1,0,275,359,323,323,3.0,3.0,6.0,6.0,1.0,1.3333333333333333,0.3333333333333333,0.6666666666666666
2013-09-14 00:00:00,14,15,D,1314,1,0,168,64,122,162,0.0,0.0,0.0,1.0,0.6666666666666666,1.0,2.0,0.6666666666666666
2013-09-14 00:00:00,19,20,A,1314,1,0,51,33,81,81,1.0,1.0,4.0,4.0,1.6666666666666667,1.3333333333333333,1.3333333333333333,0.3333333333333333
2013-09-21 00:00:00,4,14,A,1314,1,0,316,58,243,162,3.0,0.0,0.0,4.0,0.0,1.3333333333333333,1.3333333333333333,0.3333333333333333
2013-09-21 00:00:00,8,5,H,1314,1,0,199,93,202,41,0.0,1.0,1.0,3.0,1.0,1.3333333333333333,1.3333333333333333,0.3333333333333333
2013-09-21 00:00:00,9,3,H,1314,1,0,120,344,323,162,3.0,0.0,0.0,6.0,0.3333333333333333,2.0,1.6666666666666667,1.3333333333333333
2013-09-21 00:00:00,15,19,A,1314,1,0,23,140,81,122,1.0,0.0,1.0,4.0,1.0,1.0,1.6666666666666667,1.3333333333333333
2013-09-21 00:00:00,20,0,H,1314,1,0,255,157,41,41,1.0,1.0,1.0,1.0,0.0,0.0,0.3333333333333333,1.0
2013-09-28 00:00:00,0,9,H,1314,1,0,174,282,229,108,0.0,1.0,7.0,6.0,0.75,1.25,0.25,0.5
2013-09-28 00:00:00,5,15,H,1314,1,0,153,130,108,55,1.0,1.0,1.0,7.0,1.0,1.0,2.0,1.0
2013-09-28 00:00:00,14,3,H,1314,1,0,263,236,42,176,1.0,0.0,0.0,2.0,0.25,1.25,1.5,0.5
2013-09-28 00:00:00,19,4,A,1314,1,0,290,227,149,297,0.0,3.0,3.0,4.0,1.25,1.0,2.0,0.75
2013-09-28 00:00:00,20,8,D,1314,1,0,328,309,257,203,3.0,0.0,4.0,4.0,1.0,1.0,0.5,0.75
2013-10-05 00:00:00,3,5,A,1314,1,0,200,294,337,136,3.0,0.0,1.0,6.0,1.0,1.75,1.75,1.25
2013-10-05 00:00:00,4,20,A,1314,1,0,318,110,203,270,0.0,3.0,7.0,4.0,1.5,1.25,1.0,0.5
2013-10-05 00:00:00,8,19,H,1314,1,0,103,219,310,284,3.0,3.0,4.0,6.0,1.25,1.75,1.25,0.75
2013-10-05 00:00:00,9,14,H,1314,1,0,215,331,350,297,3.0,3.0,3.0,9.0,0.5,1.75,1.25,1.5
2013-10-05 00:00:00,15,0,A,1314,1,0,166,301,149,136,0.0,0.0,1.0,4.0,0.5,0.75,1.25,1.5
2013-10-12 00:00:00,0,8,D,1314,1,0,343,277,319,69,3.0,1.0,5.0,9.0,1.0,1.2,0.6,0.6
2013-10-12 00:00:00,4,5,A,1314,1,0,227,341,190,289,0.0,3.0,4.0,4.0,1.2,1.4,1.4,0.8
2013-10-12 00:00:00,15,9,D,1314,1,0,178,314,172,158,0.0,0.0,7.0,4.0,0.6,0.6,0.4,1.2
2013-10-12 00:00:00,19,3,D,1314,1,0,195,188,172,181,0.0,0.0,0.0,4.0,0.4,1.0,2.2,0.8
2013-10-19 00:00:00,3,15,H,1314,1,0,63,61,234,141,0.0,0.0,1.0,6.0,1.0,1.4,2.2,1.2
2013-10-19 00:00:00,5,19,H,1314,1,0,356,66,279,217,3.0,0.0,4.0,10.0,1.2,1.4,1.4,1.0
2013-10-19 00:00:00,8,4,A,1314,1,0,93,197,346,342,3.0,3.0,6.0,9.0,1.4,1.8,1.8,1.0
2013-10-19 00:00:00,9,20,D,1314,1,0,105,280,359,333,3.0,3.0,10.0,12.0,2.0,1.8,1.2,2.0
2013-10-19 00:00:00,14,0,H,1314,1,0,232,115,258,289,3.0,3.0,4.0,5.0,0.8,2.0,1.0,0.8
2013-10-26 00:00:00,0,19,A,1314,1,0,160,144,107,195,1.0,0.0,4.0,10.0,1.4,1.2,1.8,0.8
2013-10-26 00:00:00,4,3,D,1314,1,0,308,264,186,62,0.0,1.0,1.0,4.0,0.6,1.6,2.4,1.0
2013-10-26 00:00:00,9,8,H,1314,1,0,36,153,120,25,1.0,1.0,6.0,13.0,1.0,2.0,0.6,2.0
2013-10-26 00:00:00,14,5,H,1314,1,0,320,361,330,340,3.0,3.0,7.0,8.0,2.0,2.6,1.6,1.6
2013-10-26 00:00:00,20,15,H,1314,1,0,94,143,87,170,1.0,0.0,1.0,5.0,1.2,1.0,3.2,0.8
2013-10-29 00:00:00,20,14,H,1314,1,0,274,349,273,221,3.0,0.0,3.0,8.0,0.4,1.4,1.4,0.8
2013-11-09 00:00:00,3,0,A,1314,1,0,89,175,321,219,3.0,0.0,4.0,9.0,1.2,2.4,1.6,1.6
2013-11-09 00:00:00,5,20,H,1314,1,0,241,334,336,112,3.0,1.0,11.0,13.0,2.2,1.8,1.4,1.2
2013-11-09 00:00:00,8,14,H,1314,1,0,173,237,237,196,0.0,0.0,3.0,9.0,0.4,2.0,1.6,1.0
2013-11-09 00:00:00,15,4,H,1314,1,0,170,103,59,357,1.0,3.0,9.0,5.0,1.8,0.8,2.0,1.6
2013-11-09 00:00:00,19,9,A,1314,1,0,291,255,59,54,1.0,1.0,8.0,5.0,0.8,1.2,0.6,1.0
2013-11-16 00:00:00,0,20,H,1314,1,0,301,233,157,159,0.0,0.0,11.0,10.0,1.4,1.0,1.2,0.8
2013-11-16 00:00:00,3,9,A,1314,1,0,152,328,228,261,0.0,3.0,11.0,9.0,0.8,1.8,0.6,1.6
2013-11-16 00:00:00,5,8,D,1314,1,0,322,301,354,131,3.0,0.0,6.0,16.0,0.8,2.0,0.8,1.2
2013-11-16 00:00:00,14,4,A,1314,1,0,200,156,353,240,3.0,0.0,9.0,11.0,1.6,2.4,1.6,1.4
2013-11-16 00:00:00,19,15,H,1314,1,0,219,300,142,179,0.0,0.0,1.0,5.0,1.2,0.4,3.0,1.2
2013-11-23 00:00:00,8,3,H,1314,1,0,101,173,321,22,3.0,1.0,2.0,12.0,0.6,2.2,2.0,0.8
2013-11-23 00:00:00,9,5,A,1314,1,0,352,107,282,235,3.0,0.0,7.0,16.0,1.6,1.6,1.2,1.6
2013-11-23 00:00:00,15,14,A,1314,1,0,222,188,263,187,3.0,0.0,3.0,8.0,0.6,0.8,2.2,1.0
2013-11-23 00:00:00,20,19,H,1314,1,0,199,316,334,308,3.0,3.0,7.0,11.0,1.4,1.6,1.2,0.8
2013-12-04 00:00:00,4,0,D,1314,1,0,295,343,63,316,1.0,3.0,7.0,5.0,1.6,1.4,1.4,1.2
2013-12-07 00:00:00,3,14,A,1314,1,0,180,305,197,305,0.0,3.0,6.0,9.0,1.6,1.6,1.8,2.0
2013-12-07 00:00:00,4,19,A,1314,1,0,99,227,22,224,1.0,0.0,7.0,6.0,1.6,1.0,1.2,1.4
2013-12-07 00:00:00,8,20,H,1314,1,0,277,309,349,175,3.0,0.0,11.0,15.0,1.2,2.8,1.2,0.8
2013-12-07 00:00:00,9,0,A,1314,1,0,239,115,215,106,0.0,1.0,8.0,16.0,1.8,1.2,1.6,1.6
2013-12-07 00:00:00,15,5,A,1314,1,0,196,278,210,321,0.0,3.0,10.0,8.0,2.2,0.8,1.2,1.6
2013-12-14 00:00:00,0,15,H,1314,1,0,281,187,295,182,3.0,0.0,1.0,13.0,1.0,0.6,2.8,0.4
2013-12-14 00:00:00,5,3,A,1314,1,0,335,182,118,130,1.0,0.0,2.0,17.0,0.4,1.6,2.2,0.8
2013-12-14 00:00:00,14,9,D,1314,1,0,344,201,239,330,0.0,3.0,14.0,11.0,1.2,2.6,0.8,2.0
2013-12-14 00:00:00,20,4,H,1314,1,0,224,155,354,322,3.0,3.0,12.0,14.0,1.8,2.0,1.2,1.4
2013-12-21 00:00:00,0,5,A,1314,1,0,336,233,341,349,3.0,3.0,13.0,16.0,2.4,0.8,0.8,0.8
2013-12-21 00:00:00,4,9,H,1314,1,0,174,67,130,111,0.0,1.0,15.0,6.0,1.2,0.8,0.8,1.2
2013-12-21 00:00:00,15,8,A,1314,1,0,184,335,192,45,0.0,1.0,7.0,8.0,0.4,1.0,1.0,1.4
2013-12-21 00:00:00,19,14,D,1314,1,0,318,115,291,344,3.0,3.0,9.0,8.0,1.8,0.8,2.0,1.6
2013-12-21 00:00:00,20,3,D,1314,1,0,317,304,360,287,3.0,3.0,5.0,17.0,0.8,1.6,2.2,1.8
2013-12-28 00:00:00,3,19,A,1314,1,0,102,106,187,317,0.0,3.0,10.0,9.0,1.4,1.8,1.2,2.0
2013-12-28 00:00:00,5,4,H,1314,1,0,320,301,161,228,0.0,0.0,12.0,17.0,1.6,1.8,1.4,0.6
2013-12-28 00:00:00,8,0,D,1314,1,0,354,233,358,278,3.0,3.0,11.0,18.0,1.6,2.8,0.8,0.6
2013-12-28 00:00:00,9,15,H,1314,1,0,144,183,193,183,0.0,0.0,1.0,16.0,0.6,1.0,2.8,1.2
2013-12-28 00:00:00,14,20,H,1314,1,0,39,106,80,180,1.0,0.0,11.0,12.0,1.2,2.2,1.8,2.2
2014-01-02 00:00:00,0,3,A,1314,1,0,78,156,235,97,0.0,1.0,6.0,16.0,1.2,0.6,1.8,1.2
2014-01-02 00:00:00,20,5,A,1314,1,0,157,349,120,358,1.0,3.0,16.0,18.0,2.2,2.0,0.8,1.8
2014-01-04 00:00:00,4,15,H,1314,1,0,222,183,287,183,3.0,0.0,1.0,9.0,0.4,0.8,2.4,0.8
2014-01-04 00:00:00,9,19,H,1314,1,0,291,278,307,348,3.0,3.0,13.0,19.0,1.6,0.8,0.8,0.8
2014-01-04 00:00:00,14,8,A,1314,1,0,256,118,269,259,3.0,3.0,10.0,15.0,0.8,1.8,0.8,2.2
2014-01-11 00:00:00,3,4,A,1314,1,0,295,317,184,197,0.0,0.0,12.0,9.0,1.2,1.8,1.8,1.8
2014-01-11 00:00:00,5,14,A,1314,1,0,358,207,296,115,3.0,1.0,10.0,20.0,2.2,1.8,2.0,0.8
2014-01-11 00:00:00,8,9,D,1314,1,0,282,340,119,159,1.0,0.0,15.0,19.0,1.4,2.4,1.0,0.4
2014-01-11 00:00:00,15,20,D,1314,1,0,183,174,186,182,0.0,0.0,11.0,8.0,0.4,1.0,2.0,1.4
2014-01-11 00:00:00,19,0,H,1314,1,0,214,148,98,93,1.0,1.0,12.0,9.0,1.2,1.2,0.8,1.2
2014-01-18 00:00:00,0,4,A,1314,1,0,171,348,200,308,0.0,3.0,15.0,16.0,1.6,0.6,2.0,1.8
2014-01-18 00:00:00,3,8,A,1314,1,0,220,94,183,330,0.0,3.0,13.0,9.0,0.8,1.2,0.6,1.6
2014-01-18 00:00:00,14,15,A,1314,1,0,312,62,211,183,0.0,0.0,1.0,15.0,0.2,1.2,1.8,1.4
2014-01-18 00:00:00,19,20,H,1314,1,0,314,59,276,62,3.0,1.0,12.0,12.0,0.2,1.6,1.8,1.0
2014-01-25 00:00:00,8,5,H,1314,1,0,274,240,40,361,1.0,3.0,19.0,20.0,1.8,2.2,0.6,0.8
2014-01-25 00:00:00,9,3,A,1314,1,0,114,195,345,276,3.0,3.0,9.0,22.0,1.2,1.2,1.6,1.0
2014-01-29 00:00:00,15,19,D,1314,1,0,264,347,63,237,1.0,0.0,13.0,9.0,1.6,0.8,1.0,1.2
2014-02-01 00:00:00,3,20,H,1314,1,0,308,142,183,143,0.0,0.0,12.0,9.0,0.2,1.2,1.6,1.4
2014-02-01 00:00:00,5,0,D,1314,1,0,201,179,220,153,0.0,0.0,12.0,20.0,1.0,1.4,0.8,0.8
2014-02-01 00:00:00,8,15,D,1314,1,0,334,89,256,304,3.0,3.0,4.0,23.0,0.2,1.8,1.4,1.0
2014-02-01 00:00:00,9,4,D,1314,1,0,160,358,236,345,0.0,3.0,18.0,22.0,2.6,1.4,1.8,1.8
2014-02-01 00:00:00,14,19,A,1314,1,0,226,116,192,79,0.0,1.0,14.0,15.0,1.2,0.8,1.2,1.6
2014-02-05 00:00:00,4,14,D,1314,1,0,119,197,339,281,3.0,3.0,13.0,12.0,2.4,1.0,1.8,0.8
2014-02-08 00:00:00,5,9,H,1314,1,0,67,54,74,54,1.0,1.0,16.0,21.0,1.2,1.2,0.8,0.8
2014-02-08 00:00:00,19,8,H,1314,1,0,281,112,335,353,3.0,3.0,16.0,15.0,1.2,1.6,0.6,1.2
2014-02-15 00:00:00,0,14,A,1314,1,0,61,66,188,94,0.0,1.0,14.0,16.0,2.6,0.8,1.4,2.2
2014-02-15 00:00:00,4,8,H,1314,1,0,40,159,114,239,1.0,0.0,16.0,13.0,1.2,1.4,0.6,0.4
2014-02-15 00:00:00,15,3,D,1314,1,0,31,345,22,335,1.0,3.0,12.0,10.0,2.0,0.6,2.2,1.8
2014-02-15 00:00:00,19,5,A,1314,1,0,336,265,354,241,3.0,0.0,19.0,18.0,1.6,2.0,0.6,1.0
2014-02-15 00:00:00,20,9,A,1314,1,0,170,140,161,140,0.0,0.0,16.0,18.0,1.0,1.6,1.0,1.8
2014-02-21 00:00:00,9,14,H,1314,1,0,290,265,79,274,1.0,3.0,17.0,23.0,2.2,2.0,1.2,2.2
2014-02-22 00:00:00,3,5,H,1314,1,0,115,331,304,322,3.0,3.0,22.0,12.0,1.2,1.0,0.6,0.6
2014-02-22 00:00:00,4,20,D,1314,1,0,256,179,281,170,3.0,0.0,12.0,16.0,0.2,1.6,1.6,0.2
2014-02-22 00:00:00,8,19,H,1314,1,0,175,233,86,269,1.0,3.0,17.0,24.0,1.4,1.2,1.0,1.4
2014-02-22 00:00:00,15,0,A,1314,1,0,12,143,9,52,1.0,1.0,13.0,11.0,0.8,0.6,1.0,1.4
2014-02-25 00:00:00,20,0,D,1314,1,0,61,291,175,261,0.0,3.0,16.0,18.0,0.8,1.8,0.8,1.4
2014-03-01 00:00:00,0,9,A,1314,1,0,98,340,184,290,0.0,3.0,19.0,16.0,1.0,0.6,1.0,3.0
2014-03-01 00:00:00,5,15,H,1314,1,0,232,127,268,102,3.0,1.0,5.0,24.0,0.4,1.2,1.2,1.0
2014-03-01 00:00:00,14,3,H,1314,1,0,210,281,186,112,0.0,1.0,13.0,15.0,2.2,0.8,1.6,1.0
2014-03-01 00:00:00,19,4,H,1314,1,0,199,86,239,115,0.0,1.0,19.0,18.0,2.6,1.6,2.2,1.0
2014-03-01 00:00:00,20,8,A,1314,1,0,22,301,59,201,1.0,0.0,16.0,19.0,1.2,1.6,0.8,1.0
2014-03-08 00:00:00,3,0,D,1314,1,0,215,155,344,88,3.0,1.0,17.0,15.0,0.8,1.0,1.0,0.6
2014-03-08 00:00:00,8,14,D,1314,1,0,343,313,272,213,3.0,0.0,17.0,27.0,1.6,0.8,1.2,1.2
2014-03-08 00:00:00,19,9,D,1314,1,0,309,356,322,340,3.0,3.0,22.0,21.0,1.6,1.8,1.0,1.6
2014-03-15 00:00:00,0,19,A,1314,1,0,53,103,183,211,0.0,0.0,17.0,16.0,1.2,0.2,1.2,2.6
2014-03-15 00:00:00,4,3,H,1314,1,0,151,72,94,159,1.0,0.0,13.0,17.0,1.8,2.2,1.6,0.2
2014-03-15 00:00:00,9,8,H,1314,1,0,119,115,269,309,3.0,3.0,19.0,26.0,1.6,2.4,1.2,3.0
2014-03-15 00:00:00,14,5,A,1314,1,0,105,320,305,228,3.0,0.0,22.0,18.0,0.8,1.0,0.8,0.8
2014-03-15 00:00:00,20,15,H,1314,1,0,130,165,142,156,0.0,0.0,5.0,19.0,0.4,1.6,1.2,0.6
2014-03-18 00:00:00,5,20,D,1314,1,0,349,287,332,58,3.0,1.0,13.0,27.0,0.6,1.4,1.6,1.4
2014-03-22 00:00:00,0,8,H,1314,1,0,140,160,183,224,0.0,0.0,19.0,16.0,1.6,0.2,1.8,2.2
2014-03-22 00:00:00,4,5,A,1314,1,0,294,116,274,318,3.0,3.0,25.0,20.0,1.0,2.8,0.8,0.6
2014-03-22 00:00:00,15,9,A,1314,1,0,178,282,126,114,0.0,1.0,23.0,11.0,1.6,0.4,0.8,1.4
2014-03-22 00:00:00,19,3,H,1314,1,0,277,146,107,175,1.0,0.0,13.0,22.0,1.4,1.4,2.0,1.8
2014-03-22 00:00:00,20,14,A,1314,1,0,97,157,291,72,3.0,1.0,18.0,22.0,1.4,1.4,1.0,0.6
2014-03-25 00:00:00,3,15,H,1314,1,0,171,182,115,174,1.0,0.0,5.0,16.0,0.6,1.4,1.4,0.8
2014-03-25 00:00:00,5,19,H,1314,1,0,281,335,111,313,1.0,3.0,20.0,28.0,1.0,0.8,1.2,1.2
2014-03-25 00:00:00,8,4,H,1314,1,0,175,220,92,160,1.0,0.0,19.0,28.0,2.6,1.0,2.4,1.2
2014-03-25 00:00:00,9,20,H,1314,1,0,336,155,332,21,3.0,1.0,14.0,29.0,0.6,2.8,1.0,2.6
2014-03-25 00:00:00,14,0,H,1314,1,0,295,290,223,31,0.0,1.0,18.0,18.0,1.2,0.4,1.4,0.8
2014-03-29 00:00:00,0,20,A,1314,1,0,219,174,304,130,3.0,0.0,14.0,19.0,1.0,0.8,1.6,1.8
2014-03-29 00:00:00,3,9,D,1314,1,0,300,354,281,281,3.0,3.0,26.0,19.0,2.4,1.6,1.4,1.4
2014-03-29 00:00:00,5,8,A,1314,1,0,336,301,280,196,3.0,0.0,19.0,31.0,1.2,1.0,2.4,1.0
2014-03-29 00:00:00,14,4,A,1314,1,0,341,195,317,175,3.0,0.0,19.0,21.0,2.6,0.8,2.2,0.8
2014-03-29 00:00:00,19,15,H,1314,1,0,233,183,278,180,3.0,0.0,5.0,25.0,0.6,1.6,1.6,1.4
2014-04-01 00:00:00,15,4,H,1314,1,0,183,308,165,301,0.0,3.0,22.0,11.0,2.2,1.0,2.0,1.8
2014-04-05 00:00:00,4,0,H,1314,1,0,224,195,213,133,0.0,0.0,18.0,20.0,1.0,2.4,1.2,0.4
2014-04-05 00:00:00,8,3,H,1314,1,0,343,101,274,180,3.0,0.0,13.0,31.0,1.4,1.4,2.4,1.0
2014-04-05 00:00:00,9,5,D,1314,1,0,118,233,353,348,3.0,3.0,28.0,32.0,0.8,2.8,0.8,2.6
2014-04-05 00:00:00,15,14,H,1314,1,0,304,235,299,267,3.0,3.0,21.0,14.0,2.0,1.6,1.4,2.4
2014-04-12 00:00:00,0,15,H,1314,1,0,187,344,223,182,0.0,0.0,5.0,19.0,0.4,0.6,2.2,1.4
2014-04-12 00:00:00,5,3,H,1314,1,0,78,156,215,182,0.0,0.0,13.0,31.0,0.6,0.8,2.8,1.0
2014-04-12 00:00:00,14,9,D,1314,1,0,200,40,227,94,0.0,1.0,27.0,21.0,2.6,1.0,1.4,0.8
2014-04-12 00:00:00,19,8,A,1314,1,0,320,357,335,308,3.0,3.0,22.0,28.0,1.4,1.8,2.0,1.6
2014-04-12 00:00:00,20,4,A,1314,1,0,301,317,219,222,0.0,0.0,22.0,22.0,1.2,1.8,2.4,0.6
2014-04-15 00:00:00,20,19,H,1314,1,0,222,228,195,226,0.0,0.0,20.0,22.0,0.8,1.6,0.8,0.4
2014-04-19 00:00:00,3,14,H,1314,1,0,174,67,94,211,1.0,0.0,21.0,20.0,1.6,1.8,1.4,1.4
2014-04-19 00:00:00,4,19,A,1314,1,0,348,197,314,197,3.0,0.0,20.0,23.0,1.0,2.8,1.2,0.8
2014-04-19 00:00:00,8,20,H,1314,1,0,361,317,334,287,3.0,3.0,17.0,34.0,1.2,2.0,1.4,1.0
2014-04-19 00:00:00,9,0,H,1314,1,0,14,305,118,167,1.0,0.0,18.0,33.0,1.0,2.4,1.8,1.8
2014-04-19 00:00:00,15,5,H,1314,1,0,236,269,343,116,3.0,1.0,29.0,17.0,1.0,1.8,0.6,1.8
2014-04-26 00:00:00,0,5,A,1314,1,0,223,211,317,160,3.0,0.0,29.0,22.0,0.8,1.0,0.8,0.6
2014-04-26 00:00:00,4,9,H,1314,1,0,237,248,226,32,0.0,1.0,28.0,23.0,2.0,2.4,1.2,1.0
2014-04-26 00:00:00,15,8,D,1314,1,0,321,362,357,345,3.0,3.0,25.0,20.0,1.6,1.8,1.8,2.0
2014-04-26 00:00:00,19,14,H,1314,1,0,308,144,233,192,0.0,0.0,21.0,28.0,1.0,2.0,2.2,1.0
2014-04-26 00:00:00,20,3,A,1314,1,0,227,301,308,183,3.0,0.0,13.0,25.0,0.4,2.0,3.4,0.2
2014-05-03 00:00:00,3,19,D,1314,1,0,343,345,274,308,3.0,3.0,23.0,23.0,1.2,2.4,1.0,1.8
2014-05-03 00:00:00,5,4,H,1314,1,0,313,321,314,317,3.0,3.0,25.0,34.0,1.2,1.4,2.0,1.4
2014-05-03 00:00:00,8,0,H,1314,1,0,120,196,354,178,3.0,0.0,18.0,37.0,1.0,2.2,2.2,0.8
2014-05-03 00:00:00,9,15,H,1314,1,0,205,107,282,183,3.0,0.0,5.0,36.0,0.2,2.2,2.4,1.2
2014-05-03 00:00:00,14,20,H,1314,1,0,170,197,76,218,1.0,0.0,17.0,22.0,1.4,1.0,1.6,0.8
2014-08-09 00:00:00,3,8,D,1415,1,0,115,282,92,115,1.0,1.0,1.0,1.0,1.0,1.0,1.0,1.0
2014-08-09 00:00:00,11,14,H,1415,1,0,0,300,0,186,0.0,0.0,0.0,0.0,0.0,0.0,2.0,0.0
2014-08-09 00:00:00,19,0,H,1415,1,0,115,187,320,182,3.0,0.0,0.0,3.0,1.0,2.0,3.0,1.0
2014-08-09 00:00:00,20,4,H,1415,1,0,187,228,224,227,0.0,0.0,0.0,0.0,1.0,1.0,2.0,1.0
2014-08-10 00:00:00,21,10,A,1415,1,0,0,0,0,0,0.0,0.0,0.0,0.0,0.0,0.0,0.0,0.0
2014-08-15 00:00:00,8,21,A,1415,1,0,94,121,360,0,3.0,0.0,0.0,3.0,0.0,3.0,0.0,0.0
2014-08-16 00:00:00,0,20,A,1415,1,0,184,305,227,195,0.0,0.0,0.0,0.0,0.0,0.0,2.0,0.0
2014-08-16 00:00:00,4,19,A,1415,1,0,197,281,318,103,3.0,1.0,1.0,3.0,1.0,4.0,1.0,1.0
2014-08-16 00:00:00,14,3,H,1415,1,0,222,39,268,304,3.0,3.0,3.0,3.0,2.0,2.0,1.0,2.0
2014-08-17 00:00:00,10,11,H,1415,1,0,242,242,0,0,0.0,0.0,0.0,0.0,0.0,0.0,0.0,0.0
2014-08-23 00:00:00,3,0,A,1415,1,0,135,183,32,183,1.0,0.0,0.0,2.0,0.5,1.5,2.5,0.5
2014-08-23 00:00:00,11,8,A,1415,1,0,202,153,242,39,3.0,1.0,2.0,3.0,1.5,1.0,1.5,1.0
2014-08-23 00:00:00,19,14,D,1415,1,0,336,317,349,184,3.0,0.0,0.0,6.0,0.5,2.0,2.0,1.0
2014-08-23 00:00:00,20,10,A,1415,1,0,344,323,317,242,3.0,3.0,3.0,3.0,1.0,2.0,0.5,1.5
2014-08-23 00:00:00,21,4,H,1415,1,0,283,187,121,197,0.0,0.0,0.0,0.0,1.0,0.5,2.5,0.5
2014-08-30 00:00:00,0,11,H,1415,1,0,304,189,197,121,0.0,0.0,0.0,0.0,0.5,0.0,1.0,0.5
2014-08-30 00:00:00,3,20,A,1415,1,0,167,236,133,308,0.0,3.0,3.0,2.0,0.5,1.0,1.0,0.6666666666666666
2014-08-30 00:00:00,4,14,H,1415,1,0,184,106,227,62,0.0,1.0,1.0,3.0,0.6666666666666666,2.0,1.6666666666666667,1.0
2014-08-30 00:00:00,10,8,H,1415,1,0,350,294,242,256,3.0,3.0,5.0,3.0,1.3333333333333333,1.0,1.0,0.5
2014-08-30 00:00:00,21,19,H,1415,1,0,337,112,283,277,3.0,3.0,4.0,3.0,2.5,1.6666666666666667,0.5,1.6666666666666667
2014-09-12 00:00:00,20,21,A,1415,1,0,321,355,227,242,0.0,3.0,3.0,3.0,1.0,1.3333333333333333,0.0,1.6666666666666667
2014-09-13 00:00:00,4,10,D,1415,1,0,304,359,318,323,3.0,3.0,6.0,6.0,2.0,1.6666666666666667,0.3333333333333333,2.0
2014-09-13 00:00:00,8,19,D,1415,1,0,220,159,241,214,0.0,0.0,4.0,3.0,2.3333333333333335,1.5,1.6666666666666667,1.0
2014-09-13 00:00:00,11,3,H,1415,1,0,185,178,202,223,0.0,0.0,3.0,3.0,1.5,0.6666666666666666,1.5,1.0
2014-09-13 00:00:00,14,0,H,1415,1,0,157,344,332,304,3.0,3.0,3.0,6.0,1.3333333333333333,2.0,1.6666666666666667,2.5
2014-09-20 00:00:00,0,21,D,1415,1,0,236,361,308,323,3.0,3.0,6.0,3.0,2.0,0.6666666666666666,0.0,1.6666666666666667
2014-09-20 00:00:00,8,4,D,1415,1,0,74,102,80,187,1.0,0.0,0.0,4.0,1.0,1.3333333333333333,3.0,1.0
2014-09-20 00:00:00,10,3,H,1415,1,0,120,182,323,196,3.0,0.0,3.0,6.0,1.6666666666666667,2.0,2.0,1.0
2014-09-20 00:00:00,14,20,A,1415,1,0,295,228,353,345,3.0,3.0,6.0,9.0,1.3333333333333333,2.6666666666666665,1.0,2.6666666666666665
2014-09-20 00:00:00,19,11,H,1415,1,0,54,305,116,162,1.0,0.0,0.0,7.0,0.6666666666666666,1.6666666666666667,1.3333333333333333,1.0
2014-09-27 00:00:00,3,19,H,1415,1,0,183,261,167,72,0.0,1.0,5.0,2.0,2.0,1.0,1.5,0.75
2014-09-27 00:00:00,4,0,H,1415,1,0,35,79,106,223,1.0,0.0,3.0,7.0,1.0,1.25,2.25,1.5
2014-09-27 00:00:00,20,8,D,1415,1,0,318,26,197,207,0.0,0.0,5.0,3.0,1.25,1.0,1.75,1.5
2014-09-28 00:00:00,10,14,H,1415,1,0,282,220,350,143,3.0,0.0,1.0,9.0,0.5,2.75,1.5,0.75
2014-09-29 00:00:00,21,11,A,1415,1,0,120,223,337,176,3.0,0.0,0.0,6.0,0.5,2.25,1.25,1.25
2014-10-04 00:00:00,4,3,D,1415,1,0,255,304,278,187,3.0,0.0,3.0,10.0,1.5,1.6,2.75,1.4
2014-10-04 00:00:00,8,0,H,1415,1,0,10,148,27,196,1.0,0.0,3.0,5.0,1.0,1.25,2.4,1.0
2014-10-04 00:00:00,11,20,D,1415,1,0,317,106,310,357,3.0,3.0,9.0,6.0,1.25,1.25,0.75,1.0
2014-10-04 00:00:00,14,21,A,1415,1,0,195,161,239,108,0.0,1.0,7.0,9.0,1.75,2.0,0.25,2.25
2014-10-04 00:00:00,19,10,A,1415,1,0,209,336,281,108,3.0,1.0,7.0,10.0,1.5,1.5,0.25,0.75
2014-10-10 00:00:00,20,19,A,1415,1,0,36,192,66,146,1.0,0.0,5.0,4.0,1.8,0.8,1.6,1.4
2014-10-11 00:00:00,0,10,A,1415,1,0,171,354,103,279,1.0,3.0,10.0,4.0,1.8,0.75,0.2,2.0
2014-10-11 00:00:00,11,4,D,1415,1,0,106,86,104,63,1.0,1.0,1.0,7.0,1.0,1.2,2.5,1.0
2014-10-18 00:00:00,0,3,A,1415,1,0,179,102,156,63,0.0,1.0,4.0,4.0,1.2,0.6,2.2,1.6
2014-10-18 00:00:00,10,4,H,1415,1,0,360,30,359,22,3.0,1.0,2.0,12.0,0.8,3.2,2.0,0.6
2014-10-18 00:00:00,14,11,A,1415,1,0,187,36,201,302,0.0,3.0,3.0,9.0,1.0,1.6,1.2,2.4
2014-10-18 00:00:00,19,8,H,1415,1,0,307,247,215,70,0.0,1.0,6.0,10.0,1.0,1.2,1.4,0.6
2014-10-18 00:00:00,21,20,H,1415,1,0,296,134,234,119,0.0,1.0,10.0,6.0,1.2,2.0,0.8,1.2
2014-10-21 00:00:00,8,14,D,1415,1,0,205,184,252,170,3.0,0.0,1.0,8.0,0.4,1.4,2.2,0.8
2014-10-25 00:00:00,4,21,A,1415,1,0,133,341,93,279,1.0,3.0,10.0,11.0,1.6,0.8,0.2,1.4
2014-10-25 00:00:00,8,3,H,1415,1,0,70,277,85,264,1.0,3.0,7.0,9.0,1.4,0.8,2.4,1.4
2014-10-25 00:00:00,14,19,D,1415,1,0,62,345,188,292,0.0,3.0,8.0,9.0,2.4,1.2,2.0,2.8
2014-10-25 00:00:00,20,0,D,1415,1,0,167,182,144,187,0.0,0.0,3.0,4.0,1.0,1.2,2.2,1.4
2014-10-26 00:00:00,11,10,D,1415,1,0,255,362,36,336,1.0,3.0,13.0,8.0,2.0,1.2,0.2,1.2
2014-11-04 00:00:00,3,21,A,1415,1,0,214,356,299,336,3.0,3.0,13.0,5.0,2.2,1.2,0.2,1.2
2014-11-08 00:00:00,0,14,H,1415,1,0,62,22,174,58,0.0,1.0,2.0,4.0,0.4,1.0,1.8,1.6
2014-11-08 00:00:00,3,11,A,1415,1,0,193,86,222,344,0.0,3.0,6.0,5.0,1.8,1.0,1.2,1.8
2014-11-08 00:00:00,10,20,H,1415,1,0,120,57,362,161,3.0,0.0,10.0,15.0,1.4,4.2,1.6,0.8
2014-11-08 00:00:00,19,4,H,1415,1,0,115,167,314,130,3.0,0.0,2.0,13.0,0.8,1.4,2.6,0.6
2014-11-08 00:00:00,21,8,H,1415,1,0,361,267,321,146,3.0,0.0,6.0,9.0,0.8,3.2,1.8,1.2
2014-11-15 00:00:00,8,10,A,1415,1,0,211,282,272,112,3.0,1.0,14.0,12.0,1.8,2.0,0.2,1.2
2014-11-15 00:00:00,11,19,D,1415,1,0,272,281,13,98,1.0,1.0,9.0,9.0,2.0,1.0,2.4,1.2
2014-11-15 00:00:00,14,4,A,1415,1,0,130,178,63,166,1.0,0.0,2.0,10.0,0.6,1.2,2.6,2.2
2014-11-15 00:00:00,20,3,H,1415,1,0,142,186,49,210,1.0,0.0,7.0,5.0,1.2,0.8,3.2,1.0
2014-11-15 00:00:00,21,0,D,1415,1,0,362,264,349,63,3.0,1.0,4.0,12.0,1.2,3.8,2.0,1.2
2014-11-22 00:00:00,0,8,A,1415,1,0,89,192,301,171,3.0,0.0,6.0,7.0,0.4,1.2,2.2,1.4
2014-11-22 00:00:00,3,14,H,1415,1,0,184,166,196,142,0.0,0.0,2.0,5.0,0.2,0.8,1.6,1.8
2014-11-22 00:00:00,4,11,A,1415,1,0,303,92,153,357,0.0,3.0,9.0,11.0,2.0,0.8,1.0,1.6
2014-11-22 00:00:00,10,21,H,1415,1,0,336,120,362,354,3.0,3.0,16.0,18.0,2.4,4.0,0.2,1.2
2014-11-22 00:00:00,19,20,H,1415,1,0,94,291,347,175,3.0,0.0,10.0,16.0,1.2,1.6,1.8,0.4
2014-12-06 00:00:00,0,4,A,1415,1,0,152,223,222,299,0.0,3.0,5.0,7.0,0.8,1.2,2.0,1.0
2014-12-06 00:00:00,8,11,H,1415,1,0,307,274,213,361,0.0,3.0,12.0,12.0,3.0,2.0,1.2,2.2
2014-12-06 00:00:00,10,19,H,1415,1,0,354,274,362,34,3.0,1.0,10.0,21.0,1.6,3.6,1.6,0.8
2014-12-06 00:00:00,20,14,A,1415,1,0,219,178,260,170,3.0,0.0,2.0,8.0,0.0,1.2,1.6,0.6
2014-12-06 00:00:00,21,3,H,1415,1,0,161,304,116,192,1.0,0.0,7.0,13.0,1.0,3.2,3.0,0.6
2014-12-12 00:00:00,19,21,H,1415,1,0,213,296,358,239,3.0,0.0,16.0,19.0,1.6,1.8,0.6,0.2
2014-12-13 00:00:00,4,20,H,1415,1,0,317,195,173,180,0.0,0.0,10.0,11.0,0.6,1.2,2.0,0.8
2014-12-13 00:00:00,11,0,H,1415,1,0,213,173,6,22,1.0,1.0,5.0,10.0,0.8,1.0,2.2,1.2
2014-12-13 00:00:00,14,8,A,1415,1,0,303,345,143,300,0.0,3.0,9.0,10.0,0.8,0.6,2.6,2.2
2014-12-20 00:00:00,4,8,A,1415,1,0,348,357,301,343,3.0,3.0,12.0,14.0,0.8,1.6,1.8,1.0
2014-12-20 00:00:00,10,0,H,1415,1,0,360,180,362,130,3.0,0.0,5.0,24.0,0.8,3.4,1.8,0.8
2014-12-20 00:00:00,19,3,A,1415,1,0,314,223,361,186,3.0,0.0,7.0,22.0,0.8,2.0,2.2,0.2
2014-12-20 00:00:00,20,11,A,1415,1,0,187,314,209,241,0.0,0.0,12.0,8.0,3.0,1.4,1.2,0.4
2014-12-20 00:00:00,21,14,H,1415,1,0,220,223,281,300,3.0,3.0,5.0,16.0,1.0,2.6,1.6,1.6
2014-12-23 00:00:00,3,10,A,1415,1,0,317,362,308,280,3.0,3.0,17.0,8.0,1.4,1.0,0.4,2.0
2014-12-27 00:00:00,0,19,D,1415,1,0,182,226,196,134,0.0,0.0,10.0,7.0,1.6,1.0,2.2,0.6
2014-12-27 00:00:00,3,4,A,1415,1,0,227,237,224,343,0.0,3.0,8.0,8.0,0.8,0.8,1.8,2.0
2014-12-27 00:00:00,8,20,A,1415,1,0,361,184,314,182,3.0,0.0,10.0,15.0,0.6,2.0,2.4,2.2
2014-12-27 00:00:00,11,21,H,1415,1,0,347,316,246,201,3.0,0.0,16.0,13.0,1.4,0.8,0.8,1.0
2014-12-27 00:00:00,14,10,A,1415,1,0,196,362,170,336,0.0,3.0,20.0,10.0,1.8,0.6,0.4,2.4
2015-01-03 00:00:00,3,20,A,1415,1,0,197,304,196,304,0.0,3.0,13.0,8.0,0.6,0.6,2.2,1.6
2015-01-03 00:00:00,8,0,H,1415,1,0,241,62,226,166,0.0,0.0,5.0,15.0,0.6,1.6,1.6,2.2
2015-01-03 00:00:00,10,11,D,1415,1,0,362,358,362,322,3.0,3.0,15.0,27.0,3.0,2.8,1.2,1.4
2015-01-03 00:00:00,19,14,H,1415,1,0,76,187,241,222,0.0,0.0,5.0,22.0,1.0,2.2,1.0,0.2
2015-01-03 00:00:00,21,4,H,1415,1,0,227,321,336,357,3.0,3.0,11.0,19.0,1.4,2.8,2.0,2.0
2015-01-10 00:00:00,0,21,A,1415,1,0,143,318,66,188,1.0,0.0,16.0,8.0,1.2,1.2,1.6,0.6
2015-01-10 00:00:00,4,10,A,1415,1,0,228,120,222,354,0.0,3.0,23.0,14.0,1.4,1.0,0.4,1.0
2015-01-10 00:00:00,11,8,D,1415,1,0,119,322,326,357,3.0,3.0,15.0,16.0,1.4,1.4,1.8,1.4
2015-01-10 00:00:00,14,3,D,1415,1,0,184,187,179,305,0.0,3.0,10.0,10.0,1.2,0.6,2.4,2.2
2015-01-17 00:00:00,8,19,D,1415,1,0,107,268,318,46,3.0,1.0,11.0,18.0,1.6,1.8,2.0,1.8
2015-01-17 00:00:00,11,3,H,1415,1,0,40,63,110,102,1.0,1.0,11.0,17.0,0.8,2.0,2.2,1.4
2015-01-17 00:00:00,20,4,H,1415,1,0,344,197,192,240,0.0,0.0,11.0,8.0,1.4,1.6,1.6,0.4
2015-01-24 00:00:00,0,20,D,1415,1,0,170,357,144,344,0.0,3.0,16.0,8.0,0.6,0.8,1.0,0.8
2015-01-24 00:00:00,4,14,A,1415,1,0,187,62,196,196,0.0,0.0,5.0,14.0,1.2,1.2,1.6,1.0
2015-01-24 00:00:00,10,8,A,1415,1,0,282,36,120,119,1.0,1.0,16.0,28.0,2.0,2.0,1.8,1.8
2015-01-24 00:00:00,19,11,A,1415,1,0,90,256,322,107,3.0,1.0,16.0,25.0,2.4,2.2,1.4,0.2
2015-01-31 00:00:00,0,10,A,1415,1,0,58,215,49,360,1.0,3.0,26.0,9.0,2.2,0.6,0.6,1.8
2015-01-31 00:00:00,3,19,A,1415,1,0,143,152,187,17,0.0,1.0,12.0,8.0,1.0,0.6,1.6,1.0
2015-01-31 00:00:00,8,4,D,1415,1,0,255,184,106,201,1.0,0.0,11.0,19.0,1.6,0.8,1.4,1.8
2015-01-31 00:00:00,11,20,D,1415,1,0,328,119,280,115,3.0,1.0,17.0,20.0,0.6,2.8,0.8,1.0
2015-02-03 00:00:00,14,0,D,1415,1,0,264,142,61,178,1.0,0.0,5.0,11.0,0.4,0.8,1.4,1.4
2015-02-07 00:00:00,14,10,A,1415,1,0,89,314,22,362,1.0,3.0,29.0,12.0,2.8,0.4,0.6,2.2
2015-02-13 00:00:00,21,11,A,1415,1,0,348,110,354,278,3.0,3.0,19.0,22.0,2.4,2.2,1.2,2.4
2015-02-14 00:00:00,4,3,A,1415,1,0,62,170,187,156,0.0,0.0,11.0,14.0,0.8,1.4,2.0,0.6
2015-02-14 00:00:00,10,14,H,1415,1,0,347,152,161,308,0.0,3.0,8.0,28.0,2.2,2.2,1.6,2.2
2015-02-14 00:00:00,19,0,H,1415,1,0,294,49,228,61,0.0,1.0,6.0,25.0,0.2,1.6,1.2,0.2
2015-02-14 00:00:00,20,8,D,1415,1,0,40,86,307,282,3.0,3.0,19.0,11.0,2.6,1.4,1.4,0.8
2015-02-20 00:00:00,20,21,A,1415,1,0,14,237,103,305,1.0,3.0,19.0,12.0,0.8,1.6,1.6,1.0
2015-02-21 00:00:00,3,0,A,1415,1,0,300,139,184,143,0.0,0.0,6.0,8.0,0.0,0.4,1.2,1.0
2015-02-21 00:00:00,8,14,H,1415,1,0,30,173,36,224,1.0,0.0,8.0,20.0,2.2,1.2,1.6,0.6
2015-02-21 00:00:00,11,4,H,1415,1,0,280,143,94,67,1.0,1.0,12.0,21.0,1.8,3.0,1.8,1.4
2015-02-21 00:00:00,19,10,A,1415,1,0,341,358,318,362,3.0,3.0,32.0,28.0,3.0,1.4,0.8,0.8
2015-02-27 00:00:00,8,21,D,1415,1,0,254,321,255,344,3.0,3.0,22.0,23.0,0.6,1.4,1.8,0.8
2015-02-28 00:00:00,0,11,A,1415,1,0,290,336,139,335,0.0,3.0,22.0,9.0,1.6,0.4,0.6,1.8
2015-02-28 00:00:00,4,19,D,1415,1,0,170,235,184,250,0.0,3.0,15.0,14.0,1.6,1.0,1.2,1.6
2015-02-28 00:00:00,10,3,H,1415,1,0,361,222,296,295,3.0,3.0,14.0,31.0,1.0,2.0,1.8,2.6
2015-02-28 00:00:00,14,20,A,1415,1,0,180,127,130,39,0.0,1.0,18.0,12.0,0.8,0.6,0.6,1.8
2015-03-07 00:00:00,3,21,D,1415,1,0,196,107,183,115,0.0,1.0,23.0,8.0,0.8,0.2,1.6,0.8
2015-03-07 00:00:00,4,0,H,1415,1,0,58,219,62,291,1.0,3.0,9.0,15.0,0.4,0.6,0.8,1.8
2015-03-10 00:00:00,21,19,D,1415,1,0,36,79,239,85,0.0,1.0,16.0,22.0,1.6,1.4,1.2,2.2
2015-03-11 00:00:00,11,14,H,1415,1,0,354,182,274,196,3.0,0.0,8.0,24.0,1.2,3.2,1.8,1.4
2015-03-14 00:00:00,0,8,A,1415,1,0,195,86,169,94,0.0,1.0,20.0,9.0,2.4,0.4,1.4,2.0
2015-03-14 00:00:00,3,11,A,1415,1,0,66,360,62,354,1.0,3.0,25.0,9.0,1.8,0.2,0.4,0.8
2015-03-14 00:00:00,10,4,H,1415,1,0,362,263,341,144,3.0,0.0,12.0,34.0,1.6,3.2,2.4,2.6
2015-03-14 00:00:00,19,20,H,1415,1,0,27,286,227,256,0.0,3.0,21.0,28.0,1.0,1.2,0.2,1.2
2015-03-14 00:00:00,21,14,D,1415,1,0,13,183,80,187,1.0,0.0,8.0,23.0,1.4,1.4,1.8,2.2
2015-03-17 00:00:00,20,10,A,1415,1,0,218,362,156,362,0.0,3.0,35.0,12.0,3.0,1.4,1.0,1.4
2015-03-17 00:00:00,21,0,D,1415,1,0,6,187,27,219,1.0,0.0,9.0,24.0,0.4,1.4,0.6,1.2
2015-03-21 00:00:00,8,10,A,1415,1,0,272,362,86,362,1.0,3.0,38.0,24.0,3.4,1.6,1.2,1.4
2015-03-21 00:00:00,14,4,A,1415,1,0,62,210,166,170,0.0,0.0,12.0,12.0,1.0,0.6,3.0,1.4
2015-03-21 00:00:00,19,3,H,1415,1,0,252,144,318,220,3.0,0.0,14.0,31.0,1.0,1.4,3.6,1.2
2015-03-21 00:00:00,20,0,H,1415,1,0,195,63,174,74,0.0,1.0,10.0,12.0,0.8,1.4,0.8,1.8
2015-03-22 00:00:00,11,21,A,1415,1,0,362,4,334,39,3.0,1.0,24.0,27.0,0.8,2.8,1.2,0.8
2015-03-24 00:00:00,3,8,A,1415,1,0,170,213,143,274,0.0,3.0,23.0,9.0,2.8,0.0,1.6,1.2
2015-03-24 00:00:00,20,19,H,1415,1,0,308,327,301,30,3.0,1.0,17.0,15.0,1.6,1.6,0.6,1.8
2015-03-28 00:00:00,0,14,D,1415,1,0,143,143,179,63,0.0,1.0,9.0,9.0,1.4,0.4,1.4,2.2
2015-03-28 00:00:00,4,8,H,1415,1,0,313,314,264,334,3.0,3.0,26.0,18.0,2.4,0.8,1.6,1.8
2015-03-28 00:00:00,10,19,H,1415,1,0,362,231,356,133,3.0,0.0,17.0,37.0,1.4,3.6,1.0,2.0
2015-03-28 00:00:00,20,11,H,1415,1,0,345,241,343,360,3.0,3.0,28.0,18.0,1.6,1.8,0.2,1.6
2015-03-28 00:00:00,21,3,H,1415,1,0,246,179,10,195,1.0,0.0,14.0,25.0,0.8,1.4,4.2,0.8
2015-03-31 00:00:00,8,3,H,1415,1,0,226,182,151,187,0.0,0.0,14.0,24.0,0.8,1.4,4.8,1.4
2015-04-04 00:00:00,3,4,H,1415,1,0,183,347,170,300,0.0,3.0,15.0,9.0,1.2,0.0,2.6,1.4
2015-04-04 00:00:00,8,20,H,1415,1,0,318,357,294,207,3.0,0.0,21.0,27.0,1.0,1.4,0.6,1.4
2015-04-04 00:00:00,11,19,A,1415,1,0,201,199,233,167,0.0,0.0,17.0,27.0,1.2,2.2,1.2,0.6
2015-04-05 00:00:00,21,10,H,1415,1,0,326,362,247,362,3.0,3.0,41.0,28.0,3.0,1.6,1.0,1.0
2015-04-08 00:00:00,4,11,A,1415,1,0,237,188,331,241,3.0,0.0,28.0,21.0,1.6,0.8,0.4,1.8
2015-04-08 00:00:00,10,0,H,1415,1,0,241,49,361,147,3.0,0.0,10.0,40.0,1.0,3.8,1.2,1.6
2015-04-08 00:00:00,14,8,H,1415,1,0,49,348,178,233,0.0,0.0,26.0,12.0,1.8,0.8,1.2,1.0
2015-04-08 00:00:00,20,3,A,1415,1,0,240,304,357,184,3.0,0.0,14.0,21.0,0.8,1.8,4.0,1.4
2015-04-09 00:00:00,19,21,H,1415,1,0,309,352,348,256,3.0,3.0,27.0,34.0,1.2,1.6,0.4,1.4
2015-04-11 00:00:00,0,4,H,1415,1,0,139,200,61,222,1.0,0.0,15.0,10.0,1.0,0.8,2.8,2.0
2015-04-11 00:00:00,3,14,A,1415,1,0,344,260,300,22,3.0,1.0,10.0,12.0,0.8,0.6,1.6,1.8
2015-04-12 00:00:00,11,10,H,1415,1,0,305,322,199,241,0.0,0.0,41.0,27.0,2.4,1.2,1.2,0.8
2015-04-12 00:00:00,19,8,H,1415,1,0,345,237,358,199,3.0,0.0,26.0,37.0,1.4,2.2,1.2,1.6
2015-04-12 00:00:00,21,20,H,1415,1,0,239,201,326,191,3.0,0.0,21.0,31.0,0.8,2.0,0.8,1.0
2015-04-15 00:00:00,14,21,D,1415,1,0,330,322,303,207,3.0,0.0,27.0,15.0,1.0,1.0,1.0,1.0
2015-04-18 00:00:00,0,19,D,1415,1,0,290,357,264,299,3.0,3.0,20.0,13.0,0.4,1.4,1.2,1.2
2015-04-18 00:00:00,4,21,A,1415,1,0,188,107,232,70,0.0,1.0,28.0,21.0,0.8,0.8,1.0,2.0
2015-04-18 00:00:00,10,20,H,1415,1,0,228,188,362,186,3.0,0.0,21.0,43.0,0.8,4.0,1.6,0.6
2015-04-22 00:00:00,14,11,A,1415,1,0,111,344,102,322,1.0,3.0,31.0,16.0,1.6,1.2,0.6,0.6
2015-04-25 00:00:00,3,10,A,1415,1,0,236,318,222,201,0.0,0.0,41.0,12.0,1.8,0.8,1.2,1.6
2015-04-25 00:00:00,11,0,H,1415,1,0,357,98,309,171,3.0,0.0,10.0,30.0,1.0,1.4,1.6,0.2
2015-04-25 00:00:00,19,4,H,1415,1,0,119,184,361,196,3.0,0.0,15.0,40.0,0.4,2.2,2.8,1.0
2015-04-25 00:00:00,20,14,A,1415,1,0,184,159,240,251,0.0,3.0,13.0,21.0,1.2,1.8,1.6,1.4
2015-04-25 00:00:00,21,8,D,1415,1,0,278,200,352,188,3.0,0.0,26.0,34.0,1.0,2.6,1.0,0.8
2015-05-02 00:00:00,0,3,H,1415,1,0,155,200,89,304,1.0,3.0,17.0,14.0,1.0,1.6,4.0,1.4
2015-05-02 00:00:00,4,20,D,1415,1,0,183,183,199,184,0.0,0.0,21.0,21.0,0.8,0.8,1.8,1.2
2015-05-02 00:00:00,8,11,A,1415,1,0,67,361,341,349,3.0,3.0,34.0,30.0,1.8,1.0,0.8,2.0
2015-05-02 00:00:00,10,21,D,1415,1,0,348,93,362,267,3.0,3.0,31.0,46.0,1.2,4.2,1.0,0.8
2015-05-02 00:00:00,14,19,H,1415,1,0,296,282,156,101,0.0,1.0,21.0,16.0,0.8,1.0,1.6,0.8
2015-08-07 00:00:00,21,23,H,1516,1,0,32,0,118,0,1.0,0.0,0.0,1.0,0.0,2.0,0.0,0.0
2015-08-08 00:00:00,4,11,H,1516,1,0,62,362,67,358,1.0,3.0,3.0,1.0,3.0,2.0,0.0,3.0
2015-08-08 00:00:00,15,8,D,1516,1,0,157,144,119,63,1.0,1.0,1.0,1.0,2.0,1.0,2.0,2.0
2015-08-08 00:00:00,19,0,H,1516,1,0,215,295,362,179,3.0,0.0,0.0,3.0,1.0,2.0,4.0,1.0
2015-08-08 00:00:00,20,14,H,1516,1,0,62,341,201,327,0.0,3.0,3.0,0.0,4.0,0.0,0.0,4.0
2015-08-15 00:00:00,8,20,H,1516,1,0,49,264,235,62,0.0,1.0,1.0,0.0,2.0,0.0,2.0,2.0
2015-08-15 00:00:00,11,15,H,1516,1,0,241,53,345,183,3.0,0.0,0.0,3.0,2.0,4.0,10.0,2.0
2015-08-15 00:00:00,14,19,A,1516,1,0,235,314,295,156,3.0,0.0,0.0,3.0,0.0,1.0,1.0,0.0
2015-08-15 00:00:00,23,4,A,1516,1,0,121,264,0,187,0.0,0.0,0.0,0.0,1.0,0.0,2.0,1.0
2015-08-16 00:00:00,0,21,A,1516,1,0,220,254,273,90,3.0,1.0,1.0,3.0,2.0,3.0,2.0,2.0
2015-08-21 00:00:00,15,23,D,1516,1,0,140,162,40,121,1.0,0.0,0.0,2.0,0.5,1.0,1.5,1.5
2015-08-22 00:00:00,4,19,A,1516,1,0,331,347,265,295,3.0,3.0,3.0,4.0,0.5,2.0,0.5,2.0
2015-08-22 00:00:00,14,8,A,1516,1,0,200,260,220,22,0.0,1.0,2.0,3.0,1.5,0.5,1.5,0.5
2015-08-22 00:00:00,20,0,H,1516,1,0,210,195,309,182,3.0,0.0,0.0,3.0,1.0,1.5,3.5,2.5
2015-08-23 00:00:00,21,11,H,1516,1,0,328,322,282,240,3.0,0.0,3.0,4.0,2.0,2.5,1.0,0.5
2015-08-28 00:00:00,8,4,H,1516,1,0,330,232,321,305,3.0,3.0,3.0,3.0,1.5,0.5,1.5,2.0
2015-08-29 00:00:00,0,15,A,1516,1,0,187,48,213,183,0.0,0.0,0.0,3.0,1.0,2.0,5.5,1.0
2015-08-29 00:00:00,11,20,H,1516,1,0,228,313,357,143,3.0,0.0,1.0,6.0,1.0,2.5,1.5,1.0
2015-08-29 00:00:00,23,14,D,1516,1,0,55,188,121,231,0.0,0.0,3.0,0.0,2.0,0.5,1.5,0.5
2015-08-30 00:00:00,19,21,A,1516,1,0,358,352,362,273,3.0,3.0,4.0,6.0,3.5,2.5,1.5,3.0
2015-09-05 00:00:00,4,0,A,1516,1,0,199,184,210,183,0.0,0.0,0.0,4.0,0.6666666666666666,1.3333333333333333,3.3333333333333335,1.3333333333333333
2015-09-05 00:00:00,14,15,A,1516,1,0,63,260,195,304,0.0,3.0,3.0,3.0,1.0,0.6666666666666666,3.6666666666666665,0.6666666666666666
2015-09-05 00:00:00,19,23,A,1516,1,0,240,20,241,41,0.0,1.0,1.0,6.0,0.3333333333333333,2.0,1.0,2.0
2015-09-05 00:00:00,21,20,H,1516,1,0,360,226,336,170,3.0,0.0,1.0,7.0,0.6666666666666666,2.0,1.6666666666666667,0.3333333333333333
2015-09-12 00:00:00,11,0,H,1516,1,0,318,304,361,304,3.0,3.0,3.0,9.0,1.0,2.3333333333333335,2.5,1.3333333333333333
2015-09-12 00:00:00,15,4,D,1516,1,0,330,188,14,223,1.0,0.0,3.0,3.0,1.3333333333333333,0.6666666666666666,1.6666666666666667,1.3333333333333333
2015-09-12 00:00:00,20,19,H,1516,1,0,197,201,345,341,3.0,3.0,6.0,6.0,1.0,2.0,0.3333333333333333,2.3333333333333335
2015-09-12 00:00:00,21,14,H,1516,1,0,362,143,354,78,3.0,1.0,4.0,10.0,1.6666666666666667,2.75,1.3333333333333333,0.5
2015-09-12 00:00:00,23,8,A,1516,1,0,251,353,41,251,1.0,3.0,5.0,1.0,1.6666666666666667,0.6666666666666666,1.3333333333333333,1.0
2015-09-18 00:00:00,23,20,A,1516,1,0,206,308,136,179,0.0,0.0,1.0,1.0,0.5,1.0,2.5,0.75
2015-09-19 00:00:00,0,8,D,1516,1,0,223,360,193,327,0.0,3.0,8.0,3.0,2.0,1.3333333333333333,1.5,1.6666666666666667
2015-09-19 00:00:00,4,21,A,1516,1,0,63,362,192,334,0.0,3.0,7.0,4.0,4.0,1.0,1.3333333333333333,2.25
2015-09-19 00:00:00,14,11,A,1516,1,0,170,348,187,201,0.0,0.0,3.0,3.0,1.3333333333333333,1.0,1.0,0.5
2015-09-19 00:00:00,19,15,D,1516,1,0,188,111,201,344,0.0,3.0,6.0,6.0,1.75,1.5,3.25,2.5
2015-09-25 00:00:00,8,19,D,1516,1,0,120,63,349,235,3.0,0.0,6.0,6.0,0.75,1.0,0.5,1.3333333333333333
2015-09-26 00:00:00,0,14,A,1516,1,0,75,179,65,148,1.0,0.0,4.0,4.0,1.25,1.25,1.75,1.25
2015-09-26 00:00:00,11,23,D,1516,1,0,358,191,362,257,3.0,3.0,4.0,12.0,0.75,2.5,0.75,1.5
2015-09-26 00:00:00,20,4,H,1516,1,0,345,143,357,75,3.0,1.0,4.0,9.0,1.0,1.75,1.25,1.75
2015-09-27 00:00:00,15,21,A,1516,1,0,38,362,6,354,1.0,3.0,10.0,4.0,3.5,0.5,1.25,1.5
2015-10-03 00:00:00,4,14,H,1516,1,0,170,303,186,292,0.0,3.0,7.0,4.0,1.6,1.0,1.4,2.4
2015-10-03 00:00:00,19,11,A,1516,1,0,22,119,67,309,1.0,3.0,6.0,7.0,1.25,1.6,0.75,2.2
2015-10-03 00:00:00,20,15,H,1516,1,0,357,135,361,115,3.0,1.0,7.0,12.0,1.8,1.6,3.0,1.8
2015-10-03 00:00:00,21,8,H,1516,1,0,362,40,360,110,3.0,1.0,9.0,13.0,1.8,2.8,1.4,0.6
2015-10-03 00:00:00,23,0,D,1516,1,0,65,147,168,223,0.0,0.0,3.0,1.0,0.8,1.0,2.6,0.6
2015-10-10 00:00:00,19,15,H,1516,1,0,130,167,144,160,0.0,0.0,7.0,7.0,1.6,1.2,1.4,2.2
2015-10-17 00:00:00,0,20,A,1516,1,0,50,361,144,303,0.0,3.0,4.0,4.0,0.8,1.0,2.2,1.4
2015-10-17 00:00:00,8,15,H,1516,1,0,135,178,116,175,1.0,0.0,7.0,7.0,1.6,0.75,1.4,1.0
2015-10-17 00:00:00,11,4,H,1516,1,0,282,300,120,147,1.0,0.0,4.0,13.0,0.8,2.2,1.2,1.2
2015-10-17 00:00:00,14,23,A,1516,1,0,223,23,184,87,0.0,1.0,5.0,3.0,0.8,0.8,0.8,0.6
2015-10-17 00:00:00,21,19,H,1516,1,0,362,287,362,79,3.0,1.0,7.0,16.0,0.6,3.0,0.4,0.6
2015-10-20 00:00:00,8,11,A,1516,1,0,288,336,281,345,3.0,3.0,9.0,10.0,1.6,0.8,0.6,1.4
2015-10-24 00:00:00,4,8,A,1516,1,0,222,218,305,159,3.0,0.0,9.0,7.0,1.6,1.0,1.6,2.0
2015-10-24 00:00:00,15,0,H,1516,1,0,182,139,125,75,0.0,1.0,4.0,4.0,0.8,0.4,2.0,1.4
2015-10-24 00:00:00,19,14,A,1516,1,0,218,196,291,219,3.0,0.0,7.0,10.0,1.0,0.8,1.8,1.4
2015-10-24 00:00:00,20,11,A,1516,1,0,362,354,362,357,3.0,3.0,12.0,15.0,1.2,2.0,0.6,1.2
2015-10-25 00:00:00,23,21,A,1516,1,0,251,362,58,360,1.0,3.0,13.0,2.0,3.6,1.2,1.0,1.2
2015-10-31 00:00:00,0,19,A,1516,1,0,169,195,170,148,0.0,0.0,7.0,4.0,0.8,0.4,0.6,1.2
2015-10-31 00:00:00,4,15,A,1516,1,0,196,304,223,180,0.0,0.0,7.0,7.0,1.4,0.6,1.6,1.8
2015-10-31 00:00:00,8,23,H,1516,1,0,316,206,215,273,0.0,3.0,8.0,10.0,1.0,0.8,0.8,1.2
2015-10-31 00:00:00,14,20,H,1516,1,0,308,241,183,344,0.0,3.0,7.0,3.0,0.6,0.6,1.8,0.8
2015-11-01 00:00:00,11,21,H,1516,1,0,360,362,282,362,3.0,3.0,16.0,16.0,3.4,2.2,0.6,1.0
2015-11-07 00:00:00,15,14,H,1516,1,0,344,345,286,316,3.0,3.0,10.0,7.0,1.8,0.4,1.4,1.8
2015-11-07 00:00:00,19,4,H,1516,1,0,308,187,219,171,0.0,0.0,4.0,10.0,1.0,0.8,1.6,1.8
2015-11-07 00:00:00,20,8,A,1516,1,0,201,348,241,296,0.0,3.0,12.0,15.0,2.4,1.6,1.4,2.0
2015-11-07 00:00:00,21,0,H,1516,1,0,241,179,362,147,3.0,0.0,4.0,19.0,0.6,2.8,1.6,0.4
2015-11-07 00:00:00,23,11,A,1516,1,0,191,362,142,361,0.0,3.0,15.0,2.0,1.4,1.0,0.4,1.6
2015-11-14 00:00:00,8,0,H,1516,1,0,358,182,314,171,3.0,0.0,4.0,13.0,0.6,1.2,1.8,0.8
2015-11-14 00:00:00,15,19,H,1516,1,0,357,345,339,292,3.0,3.0,10.0,10.0,1.0,0.4,0.8,2.0
2015-11-17 00:00:00,11,14,H,1516,1,0,362,236,336,227,3.0,0.0,10.0,19.0,1.6,2.4,1.4,1.0
2015-11-20 00:00:00,23,15,D,1516,1,0,186,361,170,303,0.0,3.0,10.0,2.0,1.0,1.0,1.4,1.6
2015-11-21 00:00:00,0,11,A,1516,1,0,183,362,179,362,0.0,3.0,18.0,4.0,2.2,0.4,0.4,2.0
2015-11-21 00:00:00,4,20,D,1516,1,0,184,188,196,236,0.0,0.0,7.0,7.0,0.6,0.8,2.2,1.8
2015-11-21 00:00:00,14,21,D,1516,1,0,200,322,304,241,3.0,0.0,16.0,6.0,2.6,1.2,0.8,0.8
2015-11-21 00:00:00,19,8,D,1516,1,0,236,361,316,341,3.0,3.0,15.0,13.0,2.4,1.0,1.4,1.4
2015-11-24 00:00:00,20,23,D,1516,1,0,63,63,201,213,0.0,0.0,8.0,15.0,0.8,1.2,0.8,1.6
2015-12-01 00:00:00,21,4,H,1516,1,0,107,62,362,179,3.0,0.0,4.0,22.0,0.6,3.4,1.6,0.4
2015-12-05 00:00:00,0,4,A,1516,1,0,183,143,182,182,0.0,0.0,4.0,4.0,0.4,0.4,2.0,1.4
2015-12-11 00:00:00,19,20,D,1516,1,0,79,22,106,79,1.0,1.0,8.0,14.0,1.2,1.0,2.4,1.8
2015-12-12 00:00:00,4,23,H,1516,1,0,291,22,66,72,1.0,1.0,9.0,8.0,1.0,1.4,1.0,1.0
2015-12-12 00:00:00,11,8,D,1516,1,0,362,120,354,114,3.0,1.0,16.0,22.0,2.2,2.4,1.4,1.0
2015-12-12 00:00:00,14,0,A,1516,1,0,67,183,102,179,1.0,0.0,4.0,7.0,0.2,1.2,2.8,0.6
2015-12-12 00:00:00,21,15,D,1516,1,0,278,120,362,102,3.0,1.0,11.0,25.0,0.8,3.2,1.2,0.4
2015-12-18 00:00:00,15,20,A,1516,1,0,40,9,356,27,3.0,1.0,9.0,13.0,1.4,0.8,1.6,2.0
2015-12-19 00:00:00,0,23,A,1516,1,0,304,130,183,146,0.0,0.0,9.0,4.0,0.6,0.2,1.2,1.4
2015-12-19 00:00:00,8,21,H,1516,1,0,40,93,347,80,3.0,1.0,17.0,16.0,1.8,1.8,0.8,1.0
2015-12-19 00:00:00,11,19,H,1516,1,0,120,27,118,219,1.0,0.0,10.0,23.0,0.6,2.0,1.2,0.6
2015-12-19 00:00:00,14,4,D,1516,1,0,144,340,156,304,0.0,3.0,7.0,7.0,0.8,0.8,2.0,1.0
2015-12-26 00:00:00,8,4,H,1516,1,0,256,114,358,102,3.0,1.0,8.0,19.0,1.0,2.2,2.0,1.2
2015-12-26 00:00:00,23,14,A,1516,1,0,287,49,58,197,1.0,0.0,10.0,3.0,1.8,0.8,1.2,1.8
2015-12-28 00:00:00,21,11,H,1516,1,0,153,282,120,362,1.0,3.0,21.0,26.0,2.2,3.0,0.4,0.4
2015-12-29 00:00:00,8,14,H,1516,1,0,328,260,361,308,3.0,3.0,13.0,22.0,2.0,2.2,1.4,1.4
2016-01-02 00:00:00,0,8,A,1516,1,0,223,352,183,39,0.0,1.0,17.0,4.0,2.2,0.2,1.4,1.2
2016-01-02 00:00:00,4,21,A,1516,1,0,160,294,265,148,3.0,0.0,17.0,11.0,1.6,1.4,1.0,0.6
2016-01-02 00:00:00,11,20,H,1516,1,0,215,247,282,252,3.0,3.0,12.0,26.0,1.4,2.0,1.6,1.0
2016-01-02 00:00:00,14,19,A,1516,1,0,209,131,53,195,1.0,0.0,10.0,8.0,0.6,1.0,1.2,0.8
2016-01-02 00:00:00,15,23,A,1516,1,0,135,218,240,292,0.0,3.0,12.0,13.0,0.8,1.0,1.0,2.0
2016-01-12 00:00:00,20,0,A,1516,1,0,205,196,67,303,1.0,3.0,7.0,16.0,0.4,1.2,2.2,1.8
2016-01-16 00:00:00,21,14,H,1516,1,0,341,192,282,224,3.0,0.0,13.0,29.0,1.8,3.2,1.4,0.4
2016-01-17 00:00:00,8,11,D,1516,1,0,360,314,362,241,3.0,0.0,21.0,25.0,2.0,2.6,1.2,1.6
2016-01-23 00:00:00,11,23,H,1516,1,0,105,316,336,340,3.0,3.0,15.0,29.0,0.8,1.4,1.0,1.0
2016-01-23 00:00:00,14,8,D,1516,1,0,186,120,140,256,0.0,3.0,20.0,8.0,2.2,1.0,0.8,0.8
2016-01-23 00:00:00,19,0,H,1516,1,0,287,308,36,344,1.0,3.0,10.0,15.0,0.4,1.2,2.0,1.8
2016-01-23 00:00:00,20,4,D,1516,1,0,191,175,144,156,0.0,0.0,8.0,16.0,0.6,1.0,1.4,1.4
2016-01-25 00:00:00,15,21,A,1516,1,0,167,356,201,292,0.0,3.0,20.0,13.0,2.0,1.0,1.0,3.0
2016-01-30 00:00:00,4,14,H,1516,1,0,59,63,210,196,0.0,0.0,13.0,11.0,1.2,1.0,2.0,0.6
2016-01-30 00:00:00,21,8,H,1516,1,0,361,40,336,86,3.0,1.0,21.0,32.0,1.4,3.6,1.0,0.6
2016-01-30 00:00:00,23,0,H,1516,1,0,227,224,142,236,0.0,0.0,10.0,3.0,0.4,0.8,2.0,1.8
2016-02-02 00:00:00,15,11,A,1516,1,0,178,278,188,80,0.0,1.0,22.0,13.0,2.0,0.8,1.4,2.4
2016-02-02 00:00:00,20,21,A,1516,1,0,65,362,49,340,1.0,3.0,23.0,17.0,2.2,0.6,1.0,1.6
2016-02-06 00:00:00,23,19,H,1516,1,0,318,339,291,308,3.0,3.0,13.0,6.0,1.0,1.2,1.2,1.4
2016-02-09 00:00:00,0,15,D,1516,1,0,196,182,183,35,0.0,1.0,12.0,4.0,1.0,0.2,1.2,1.4
2016-02-13 00:00:00,0,21,D,1516,1,0,66,362,62,356,1.0,3.0,26.0,5.0,2.2,0.4,0.6,0.8
2016-02-13 00:00:00,8,20,D,1516,1,0,135,144,120,206,1.0,0.0,12.0,26.0,1.2,2.2,1.8,1.6
2016-02-13 00:00:00,14,11,D,1516,1,0,143,335,48,269,1.0,3.0,25.0,9.0,1.8,0.6,1.2,0.8
2016-02-13 00:00:00,15,4,H,1516,1,0,62,263,184,53,0.0,1.0,9.0,13.0,0.6,0.6,1.2,2.0
2016-02-13 00:00:00,19,23,H,1516,1,0,235,348,255,235,3.0,0.0,15.0,18.0,1.0,1.2,1.0,1.8
2016-02-20 00:00:00,15,8,A,1516,1,0,264,46,304,151,3.0,0.0,21.0,16.0,1.0,0.6,1.0,1.8
2016-02-20 00:00:00,20,14,H,1516,1,0,49,49,139,187,0.0,0.0,13.0,17.0,1.2,0.4,2.0,0.6
2016-02-20 00:00:00,23,4,H,1516,1,0,237,210,340,140,3.0,0.0,9.0,9.0,0.6,1.4,0.8,1.0
2016-02-21 00:00:00,11,0,H,1516,1,0,112,23,354,200,3.0,0.0,10.0,32.0,0.6,1.6,1.8,1.2
2016-02-21 00:00:00,19,21,A,1516,1,0,321,120,328,119,3.0,1.0,27.0,21.0,2.2,1.2,0.6,1.6
2016-02-24 00:00:00,11,15,A,1516,1,0,280,210,360,13,3.0,1.0,13.0,35.0,1.4,1.8,1.4,1.2
2016-02-27 00:00:00,0,14,A,1516,1,0,130,139,22,184,1.0,0.0,13.0,6.0,1.0,0.6,2.0,0.8
2016-02-27 00:00:00,4,11,H,1516,1,0,192,215,313,90,3.0,1.0,26.0,14.0,1.0,1.2,1.0,0.6
2016-02-27 00:00:00,8,19,H,1516,1,0,259,228,40,224,1.0,0.0,13.0,27.0,0.8,1.6,1.0,1.4
2016-02-27 00:00:00,20,15,H,1516,1,0,260,313,290,248,3.0,3.0,16.0,20.0,2.0,0.6,1.2,1.2
2016-02-27 00:00:00,21,23,H,1516,1,0,282,321,354,200,3.0,0.0,15.0,35.0,0.8,3.0,1.0,0.6
2016-03-01 00:00:00,14,15,D,1516,1,0,290,226,18,205,1.0,0.0,16.0,10.0,2.0,0.4,1.6,1.2
2016-03-01 00:00:00,19,11,H,1516,1,0,197,193,231,152,0.0,0.0,26.0,21.0,1.2,1.0,1.6,1.6
2016-03-01 00:00:00,21,20,H,1516,1,0,336,330,360,70,3.0,1.0,13.0,38.0,1.6,2.4,1.6,0.8
2016-03-01 00:00:00,23,8,D,1516,1,0,228,330,356,294,3.0,3.0,24.0,12.0,0.8,1.4,0.6,0.8
2016-03-05 00:00:00,8,0,H,1516,1,0,111,166,256,188,3.0,0.0,10.0,30.0,0.6,1.8,1.4,1.2
2016-03-05 00:00:00,14,4,H,1516,1,0,98,307,8,169,1.0,0.0,9.0,11.0,0.2,0.4,1.0,0.8
2016-03-05 00:00:00,20,23,H,1516,1,0,232,76,340,188,3.0,0.0,15.0,23.0,0.8,1.0,1.0,1.0
2016-03-08 00:00:00,4,0,H,1516,1,0,224,178,347,184,3.0,0.0,10.0,17.0,0.4,1.6,1.8,0.6
2016-03-08 00:00:00,20,19,H,1516,1,0,320,308,356,196,3.0,0.0,13.0,26.0,0.6,1.8,1.4,1.2
2016-03-11 00:00:00,21,15,H,1516,1,0,354,76,362,70,3.0,1.0,17.0,41.0,1.8,2.4,1.4,0.6
2016-03-12 00:00:00,0,20,D,1516,1,0,182,349,130,146,0.0,0.0,13.0,6.0,1.0,0.8,1.4,0.8
2016-03-12 00:00:00,4,8,D,1516,1,0,317,280,358,99,3.0,1.0,25.0,20.0,0.6,1.6,0.4,0.4
2016-03-12 00:00:00,23,19,H,1516,1,0,147,224,119,187,1.0,0.0,13.0,13.0,0.6,1.2,1.4,0.6
2016-03-15 00:00:00,15,19,H,1516,1,0,147,196,223,184,0.0,0.0,13.0,16.0,0.8,0.4,1.6,1.6
2016-03-18 00:00:00,8,21,H,1516,1,0,94,360,328,282,3.0,3.0,30.0,33.0,2.2,2.0,0.2,0.6
2016-03-19 00:00:00,14,23,A,1516,1,0,276,292,247,184,3.0,0.0,15.0,14.0,1.0,0.6,1.8,1.4
2016-03-19 00:00:00,15,0,H,1516,1,0,292,62,317,183,3.0,0.0,10.0,19.0,0.4,1.0,2.4,0.6
2016-03-19 00:00:00,19,4,H,1516,1,0,187,106,320,179,3.0,0.0,9.0,24.0,0.0,0.8,1.2,1.0
2016-03-19 00:00:00,20,11,H,1516,1,0,116,186,361,173,3.0,0.0,26.0,29.0,0.8,2.2,1.0,0.8
2016-03-22 00:00:00,23,20,A,1516,1,0,340,281,282,50,3.0,1.0,14.0,16.0,1.0,1.4,1.4,0.8
2016-03-26 00:00:00,0,23,A,1516,1,0,143,235,45,304,1.0,3.0,18.0,7.0,1.4,1.0,2.2,1.2
2016-03-26 00:00:00,8,14,A,1516,1,0,274,214,352,304,3.0,3.0,16.0,36.0,0.8,2.2,2.0,0.8
2016-03-26 00:00:00,15,20,A,1516,1,0,340,336,348,260,3.0,3.0,17.0,22.0,1.0,1.8,1.4,0.8
2016-03-26 00:00:00,21,19,H,1516,1,0,241,305,362,183,3.0,0.0,13.0,44.0,0.8,2.2,2.2,1.0
2016-04-02 00:00:00,4,15,D,1516,1,0,157,235,119,146,1.0,0.0,17.0,21.0,1.6,1.6,1.6,0.4
2016-04-02 00:00:00,14,0,D,1516,1,0,314,170,205,183,0.0,0.0,10.0,14.0,0.6,1.0,3.0,1.4
2016-04-02 00:00:00,19,8,D,1516,1,0,223,213,349,34,3.0,1.0,26.0,27.0,0.6,1.8,0.6,1.0
2016-04-02 00:00:00,20,21,D,1516,1,0,354,322,362,215,3.0,0.0,30.0,32.0,1.4,2.6,0.8,1.2
2016-04-02 00:00:00,23,11,D,1516,1,0,321,184,215,180,0.0,0.0,26.0,16.0,0.8,1.0,1.2,0.6
2016-04-05 00:00:00,11,14,H,1516,1,0,62,105,241,344,0.0,3.0,19.0,35.0,1.2,1.6,1.8,1.6
2016-04-05 00:00:00,21,4,H,1516,1,0,107,53,362,182,3.0,0.0,9.0,47.0,0.0,2.2,2.2,0.8
2016-04-09 00:00:00,0,11,H,1516,1,0,58,264,138,61,0.0,1.0,27.0,7.0,1.0,1.0,1.6,1.2
2016-04-09 00:00:00,8,23,H,1516,1,0,72,107,239,344,0.0,3.0,21.0,36.0,1.4,2.2,1.6,1.0
2016-04-09 00:00:00,15,14,H,1516,1,0,79,157,237,236,0.0,0.0,19.0,22.0,1.2,1.8,1.4,1.0
2016-04-09 00:00:00,19,20,A,1516,1,0,75,118,116,330,1.0,3.0,20.0,28.0,1.2,2.0,1.2,1.0
2016-04-12 00:00:00,4,19,H,1516,1,0,140,147,40,183,1.0,0.0,13.0,22.0,1.4,1.6,2.8,0.8
2016-04-12 00:00:00,11,8,D,1516,1,0,210,267,322,13,3.0,1.0,27.0,38.0,0.8,1.8,0.8,1.6
2016-04-16 00:00:00,0,19,D,1516,1,0,263,171,290,183,3.0,0.0,13.0,10.0,1.6,0.8,3.0,1.4
2016-04-16 00:00:00,4,20,A,1516,1,0,290,282,256,353,3.0,3.0,23.0,25.0,1.2,2.2,1.0,1.2
2016-04-16 00:00:00,23,15,H,1516,1,0,157,269,72,50,1.0,1.0,18.0,17.0,1.2,1.2,1.2,0.6
2016-04-20 00:00:00,11,21,H,1516,1,0,71,278,107,72,1.0,1.0,31.0,39.0,1.6,2.0,1.4,2.0
2016-04-23 00:00:00,4,23,H,1516,1,0,219,295,207,236,0.0,0.0,21.0,25.0,1.8,2.0,2.0,1.6
2016-04-23 00:00:00,15,11,D,1516,1,0,211,267,321,143,3.0,0.0,27.0,25.0,1.0,1.8,1.8,1.0
2016-04-23 00:00:00,19,14,H,1516,1,0,58,174,160,200,0.0,0.0,19.0,28.0,1.4,2.0,1.6,1.0
2016-04-23 00:00:00,20,8,D,1516,1,0,336,90,120,6,1.0,1.0,28.0,33.0,1.2,2.8,1.0,1.0
2016-04-23 00:00:00,21,0,D,1516,1,0,214,89,362,62,3.0,1.0,11.0,50.0,0.4,2.2,2.4,0.8
2016-04-26 00:00:00,11,4,H,1516,1,0,90,316,278,183,3.0,0.0,9.0,42.0,0.0,2.0,2.4,1.8
2016-04-26 00:00:00,14,21,H,1516,1,0,180,72,70,146,1.0,0.0,31.0,15.0,1.8,0.8,2.0,1.6
2016-05-01 00:00:00,0,4,D,1516,1,0,31,227,98,183,1.0,0.0,9.0,11.0,0.0,1.0,2.8,1.4
2016-05-01 00:00:00,8,15,H,1516,1,0,31,71,322,139,3.0,0.0,18.0,39.0,0.8,2.4,1.8,1.2
2016-05-01 00:00:00,11,19,H,1516,1,0,273,263,335,62,3.0,1.0,14.0,45.0,2.0,2.2,3.0,1.8
2016-05-01 00:00:00,14,20,A,1516,1,0,303,112,267,360,3.0,3.0,26.0,18.0,1.8,1.0,1.0,1.8
2016-05-01 00:00:00,23,21,D,1516,1,0,220,146,267,171,3.0,0.0,31.0,20.0,1.6,1.6,2.0,0.4
2016-08-06 00:00:00,1,20,A,1617,1,0,0,280,0,362,0.0,3.0,3.0,0.0,1.0,0.0,0.0,1.0
2016-08-06 00:00:00,5,19,D,1617,1,0,347,210,347,143,3.0,0.0,0.0,3.0,0.0,2.0,2.0,0.0
2016-08-06 00:00:00,7,4,H,1617,1,0,0,76,0,62,0.0,1.0,1.0,0.0,1.0,0.0,1.0,1.0
2016-08-06 00:00:00,8,11,A,1617,1,0,254,334,349,49,3.0,1.0,1.0,3.0,0.0,1.0,0.0,0.0
2016-08-06 00:00:00,23,15,D,1617,1,0,74,146,90,169,1.0,0.0,0.0,1.0,0.0,2.0,1.0,0.0
2016-08-13 00:00:00,4,5,H,1617,1,0,147,116,312,296,3.0,3.0,3.0,3.0,3.0,2.0,0.0,3.0
2016-08-13 00:00:00,11,7,H,1617,1,0,354,242,354,0,3.0,0.0,0.0,3.0,0.0,2.0,0.0,0.0
2016-08-13 00:00:00,15,8,D,1617,1,0,50,207,107,4,1.0,1.0,1.0,1.0,2.0,0.0,2.0,2.0
2016-08-13 00:00:00,19,1,H,1617,1,0,71,121,296,0,3.0,0.0,0.0,3.0,0.0,3.0,0.0,0.0
2016-08-13 00:00:00,20,23,H,1617,1,0,336,26,40,200,1.0,0.0,0.0,1.0,1.0,2.0,2.0,1.0
2016-08-20 00:00:00,5,1,H,1617,1,0,160,162,116,121,1.0,0.0,0.0,4.0,0.5,1.5,2.0,0.5
2016-08-20 00:00:00,15,4,D,1617,1,0,18,292,36,143,1.0,0.0,1.0,2.0,2.0,0.5,2.5,2.5
2016-08-20 00:00:00,19,8,H,1617,1,0,267,70,341,4,3.0,1.0,2.0,6.0,1.5,3.5,1.5,0.5
2016-08-20 00:00:00,20,7,H,1617,1,0,354,202,256,121,3.0,0.0,0.0,4.0,0.5,2.5,1.0,1.0
2016-08-20 00:00:00,23,11,A,1617,1,0,131,360,31,260,1.0,3.0,4.0,2.0,1.0,1.5,0.5,1.0
2016-08-27 00:00:00,1,23,D,1617,1,0,176,166,121,188,0.0,0.0,0.0,0.0,1.0,0.0,2.5,1.0
2016-08-27 00:00:00,5,20,D,1617,1,0,296,360,281,362,3.0,3.0,6.0,7.0,1.5,2.0,0.0,1.0
2016-08-27 00:00:00,7,19,A,1617,1,0,189,332,242,49,3.0,1.0,1.0,3.0,0.5,2.0,1.5,1.0
2016-08-27 00:00:00,8,4,H,1617,1,0,146,98,237,49,0.0,1.0,2.0,3.0,1.6666666666666667,1.0,2.0,0.5
2016-08-27 00:00:00,11,15,H,1617,1,0,362,8,360,58,3.0,1.0,1.0,6.0,0.5,2.0,1.0,0.5
2016-09-10 00:00:00,1,15,H,1617,1,0,60,126,41,142,1.0,0.0,1.0,1.0,0.3333333333333333,0.3333333333333333,2.0,0.6666666666666666
2016-09-10 00:00:00,4,11,A,1617,1,0,155,362,347,330,3.0,3.0,7.0,6.0,1.3333333333333333,1.5,0.3333333333333333,2.5
2016-09-10 00:00:00,7,5,A,1617,1,0,185,99,202,220,0.0,0.0,3.0,3.0,1.5,1.3333333333333333,0.5,0.6666666666666666
2016-09-10 00:00:00,20,8,A,1617,1,0,120,292,328,125,3.0,0.0,2.0,7.0,1.0,2.3333333333333335,1.6666666666666667,0.6666666666666666
2016-09-10 00:00:00,23,19,A,1617,1,0,57,353,133,260,0.0,3.0,4.0,2.0,0.6666666666666666,1.0,1.0,1.0
2016-09-17 00:00:00,4,23,D,1617,1,0,174,142,237,63,0.0,1.0,1.0,6.0,1.0,1.0,2.0,2.0
2016-09-17 00:00:00,8,5,H,1617,1,0,340,276,321,316,3.0,3.0,6.0,6.0,2.0,1.0,0.6666666666666666,1.3333333333333333
2016-09-17 00:00:00,11,1,A,1617,1,0,362,264,362,162,3.0,0.0,0.0,9.0,0.3333333333333333,2.6666666666666665,2.3333333333333335,0.3333333333333333
2016-09-17 00:00:00,15,7,H,1617,1,0,165,184,13,162,1.0,0.0,0.0,3.0,0.3333333333333333,0.6666666666666666,1.3333333333333333,1.6666666666666667
2016-09-17 00:00:00,19,20,H,1617,1,0,360,161,356,120,3.0,1.0,7.0,9.0,1.6666666666666667,3.0,0.6666666666666666,1.0
2016-09-24 00:00:00,5,15,H,1617,1,0,214,299,94,170,1.0,0.0,1.0,8.0,0.5,2.0,2.0,1.0
2016-09-24 00:00:00,7,23,H,1617,1,0,183,49,189,22,0.0,1.0,2.0,3.0,1.0,1.25,1.75,0.75
2016-09-24 00:00:00,8,1,H,1617,1,0,356,331,349,297,3.0,3.0,3.0,9.0,0.75,1.5,2.0,1.5
2016-09-24 00:00:00,19,11,D,1617,1,0,362,241,361,353,3.0,3.0,10.0,12.0,1.25,3.0,0.25,1.0
2016-09-24 00:00:00,20,4,H,1617,1,0,175,59,231,139,0.0,0.0,2.0,7.0,1.25,1.75,1.75,0.5
2016-10-01 00:00:00,1,7,D,1617,1,0,232,304,257,176,3.0,0.0,0.0,4.0,0.5,0.75,1.5,0.75
2016-10-01 00:00:00,4,19,D,1617,1,0,142,120,79,330,1.0,3.0,7.0,7.0,1.25,1.0,1.0,2.25
2016-10-01 00:00:00,15,20,H,1617,1,0,222,301,248,161,3.0,0.0,7.0,6.0,1.5,1.0,1.25,1.5
2016-10-01 00:00:00,23,8,D,1617,1,0,139,361,167,286,0.0,3.0,5.0,2.0,1.25,1.0,1.25,1.25
2016-10-02 00:00:00,11,5,D,1617,1,0,80,314,241,227,0.0,0.0,6.0,9.0,1.75,2.25,1.25,0.5
2016-10-15 00:00:00,4,1,A,1617,1,0,49,78,27,221,1.0,0.0,3.0,8.0,0.6,0.8,2.0,1.8
2016-10-15 00:00:00,8,7,H,1617,1,0,120,102,358,60,3.0,1.0,1.0,12.0,0.4,1.6,1.2,1.2
2016-10-15 00:00:00,19,15,A,1617,1,0,40,317,120,179,1.0,0.0,1.0,13.0,0.6,2.4,2.0,1.0
2016-10-15 00:00:00,20,11,D,1617,1,0,222,27,320,118,3.0,1.0,11.0,10.0,1.0,2.0,0.2,0.4
2016-10-15 00:00:00,23,5,A,1617,1,0,48,105,57,76,1.0,1.0,7.0,3.0,1.6,1.0,1.2,1.2
2016-10-22 00:00:00,1,19,H,1617,1,0,269,135,87,111,1.0,1.0,8.0,5.0,1.0,0.6,0.8,0.6
2016-10-22 00:00:00,5,4,H,1617,1,0,278,139,274,169,3.0,0.0,2.0,11.0,1.4,2.0,2.0,1.2
2016-10-22 00:00:00,7,11,A,1617,1,0,156,10,306,40,3.0,1.0,12.0,6.0,1.0,1.8,0.2,0.6
2016-10-22 00:00:00,8,20,A,1617,1,0,282,75,361,175,3.0,0.0,7.0,15.0,1.2,1.8,1.2,1.2
2016-10-29 00:00:00,4,7,D,1617,1,0,169,174,131,143,0.0,0.0,1.0,8.0,0.6,0.4,1.6,1.4
2016-10-29 00:00:00,5,8,H,1617,1,0,335,215,334,97,3.0,1.0,6.0,14.0,1.2,2.0,1.2,1.4
2016-10-29 00:00:00,11,23,H,1617,1,0,247,139,80,130,1.0,0.0,2.0,10.0,1.4,2.0,2.2,1.0
2016-10-29 00:00:00,15,1,H,1617,1,0,348,332,326,317,3.0,3.0,6.0,9.0,1.2,1.0,2.0,1.8
2016-10-29 00:00:00,20,19,H,1617,1,0,268,167,107,159,1.0,0.0,8.0,11.0,1.0,1.6,0.6,0.2
2016-11-01 00:00:00,15,23,H,1617,1,0,358,169,352,166,3.0,0.0,2.0,12.0,1.2,1.4,2.2,1.4
2016-11-05 00:00:00,1,11,A,1617,1,0,232,326,273,256,3.0,3.0,15.0,8.0,1.2,0.8,0.2,1.0
2016-11-05 00:00:00,7,20,D,1617,1,0,59,332,224,301,0.0,3.0,10.0,6.0,1.8,2.0,1.6,1.2
2016-11-05 00:00:00,8,15,D,1617,1,0,193,361,241,303,0.0,3.0,4.0,15.0,1.6,2.0,1.8,2.0
2016-11-05 00:00:00,19,5,A,1617,1,0,178,354,161,268,0.0,3.0,10.0,13.0,1.4,1.8,1.2,1.4
2016-11-05 00:00:00,23,4,A,1617,1,0,179,58,142,179,0.0,0.0,2.0,3.0,1.4,0.6,2.2,1.4
2016-11-08 00:00:00,5,7,H,1617,1,0,360,21,354,49,3.0,1.0,2.0,17.0,0.8,2.0,1.6,1.6
2016-11-12 00:00:00,4,15,A,1617,1,0,263,120,45,102,1.0,1.0,5.0,9.0,1.6,0.6,1.8,1.2
2016-11-12 00:00:00,11,8,D,1617,1,0,352,65,269,155,3.0,0.0,6.0,13.0,0.8,2.0,1.0,1.0
2016-11-19 00:00:00,1,8,A,1617,1,0,199,23,213,53,0.0,1.0,7.0,8.0,0.8,0.8,1.0,1.0
2016-11-19 00:00:00,4,20,D,1617,1,0,210,111,138,101,0.0,1.0,11.0,9.0,1.4,0.6,1.6,1.0
2016-11-19 00:00:00,11,19,H,1617,1,0,118,182,90,175,1.0,0.0,8.0,14.0,0.8,1.8,0.6,0.8
2016-11-19 00:00:00,15,5,D,1617,1,0,282,362,360,332,3.0,3.0,13.0,15.0,2.2,1.8,1.2,1.6
2016-11-19 00:00:00,23,7,A,1617,1,0,182,130,170,139,0.0,0.0,2.0,3.0,0.8,0.4,1.4,1.0
2016-11-22 00:00:00,20,1,D,1617,1,0,38,188,278,227,3.0,0.0,6.0,14.0,1.2,1.2,1.6,0.2
2016-12-02 00:00:00,5,11,H,1617,1,0,120,282,360,328,3.0,3.0,18.0,20.0,1.4,1.6,0.2,1.8
2016-12-03 00:00:00,7,1,D,1617,1,0,287,63,75,76,1.0,1.0,7.0,7.0,1.4,1.2,1.2,1.2
2016-12-03 00:00:00,8,23,H,1617,1,0,251,183,80,178,1.0,0.0,2.0,16.0,1.2,2.0,2.2,1.6
2016-12-03 00:00:00,19,4,A,1617,1,0,183,71,175,303,0.0,3.0,5.0,13.0,1.0,1.2,1.4,1.4
2016-12-06 00:00:00,19,23,A,1617,1,0,183,183,180,182,0.0,0.0,2.0,13.0,1.2,1.0,2.6,1.2
2016-12-10 00:00:00,1,5,A,1617,1,0,22,282,193,111,0.0,1.0,14.0,8.0,1.6,0.6,1.0,1.0
2016-12-10 00:00:00,7,15,H,1617,1,0,97,94,26,277,1.0,3.0,8.0,8.0,2.0,1.4,1.0,1.6
2016-12-10 00:00:00,8,19,D,1617,1,0,327,183,269,180,3.0,0.0,8.0,19.0,0.6,2.0,1.4,1.2
2016-12-10 00:00:00,11,4,H,1617,1,0,215,267,273,344,3.0,3.0,8.0,17.0,1.2,1.8,1.4,1.2
2016-12-10 00:00:00,23,20,H,1617,1,0,304,14,179,35,0.0,1.0,12.0,3.0,1.0,0.4,1.2,0.8
2016-12-17 00:00:00,4,8,H,1617,1,0,211,110,48,261,1.0,3.0,10.0,10.0,1.0,0.4,0.6,0.6
2016-12-17 00:00:00,15,11,D,1617,1,0,153,314,120,231,1.0,0.0,18.0,16.0,1.2,1.6,0.4,1.6
2016-12-17 00:00:00,19,7,D,1617,1,0,62,276,182,290,0.0,3.0,5.0,13.0,0.8,0.8,1.0,1.2
2016-12-17 00:00:00,20,5,D,1617,1,0,127,336,93,280,1.0,3.0,17.0,15.0,1.6,1.0,0.4,0.4
2016-12-17 00:00:00,23,1,D,1617,1,0,344,130,303,26,3.0,1.0,8.0,6.0,1.2,0.4,1.2,0.6
2016-12-24 00:00:00,1,4,D,1617,1,0,45,313,186,236,0.0,0.0,8.0,8.0,1.2,0.2,1.6,0.8
2016-12-24 00:00:00,5,23,H,1617,1,0,112,115,362,304,3.0,3.0,5.0,23.0,1.6,1.4,2.8,2.2
2016-12-24 00:00:00,11,20,D,1617,1,0,105,44,334,134,3.0,0.0,12.0,20.0,0.8,2.0,0.8,1.0
2016-12-24 00:00:00,15,19,H,1617,1,0,52,22,40,61,1.0,1.0,9.0,17.0,0.4,1.4,1.6,1.8
2016-12-26 00:00:00,7,8,D,1617,1,0,93,159,252,209,3.0,0.0,10.0,11.0,0.8,1.6,1.0,1.6
2016-12-31 00:00:00,4,5,H,1617,1,0,105,280,260,94,3.0,1.0,18.0,13.0,1.4,0.8,0.2,0.6
2016-12-31 00:00:00,8,11,A,1617,1,0,54,36,90,78,1.0,1.0,19.0,20.0,1.4,2.0,0.6,1.4
2016-12-31 00:00:00,19,1,D,1617,1,0,130,17,62,10,1.0,1.0,9.0,14.0,1.4,1.2,1.0,1.2
2016-12-31 00:00:00,23,15,D,1617,1,0,160,261,102,214,1.0,0.0,8.0,7.0,2.0,0.4,1.0,0.6
2017-01-02 00:00:00,20,7,A,1617,1,0,17,32,32,98,1.0,1.0,6.0,16.0,1.2,1.0,1.4,0.8
2017-01-06 00:00:00,11,5,H,1617,1,0,255,215,112,153,1.0,0.0,18.0,21.0,1.0,2.0,0.4,0.4
2017-01-07 00:00:00,1,7,A,1617,1,0,8,254,63,276,1.0,3.0,9.0,9.0,1.4,1.0,1.0,1.2
2017-01-07 00:00:00,15,4,H,1617,1,0,88,278,256,79,3.0,1.0,9.0,20.0,1.6,1.4,1.8,2.0
2017-01-07 00:00:00,20,8,A,1617,1,0,129,140,133,71,0.0,1.0,11.0,16.0,0.8,0.4,1.0,1.0
2017-01-07 00:00:00,23,19,A,1617,1,0,54,45,35,143,1.0,0.0,9.0,8.0,0.4,0.6,1.8,0.4
2017-01-14 00:00:00,4,11,A,1617,1,0,214,328,330,269,3.0,3.0,22.0,16.0,1.8,1.0,0.8,0.8
2017-01-14 00:00:00,5,19,D,1617,1,0,193,259,362,291,3.0,3.0,12.0,26.0,1.0,1.4,1.6,2.4
2017-01-14 00:00:00,7,23,D,1617,1,0,328,140,85,223,1.0,0.0,5.0,12.0,1.2,1.0,2.4,1.8
2017-01-14 00:00:00,8,1,D,1617,1,0,290,126,152,5,0.0,1.0,10.0,20.0,0.8,1.8,1.0,1.4
2017-01-14 00:00:00,15,20,H,1617,1,0,273,166,328,46,3.0,1.0,13.0,23.0,1.0,1.4,0.8,2.2
2017-01-21 00:00:00,4,19,A,1617,1,0,193,88,232,98,0.0,1.0,13.0,16.0,1.6,0.6,2.0,1.2
2017-01-28 00:00:00,1,15,A,1617,1,0,44,334,143,72,0.0,1.0,9.0,9.0,2.0,0.8,0.8,0.8
2017-01-28 00:00:00,7,5,D,1617,1,0,110,65,30,173,1.0,0.0,18.0,13.0,0.2,1.0,0.8,1.0
2017-01-28 00:00:00,19,11,A,1617,1,0,273,352,22,332,1.0,3.0,25.0,15.0,1.4,1.2,0.6,1.0
2017-01-28 00:00:00,20,4,A,1617,1,0,178,186,167,148,0.0,0.0,9.0,16.0,1.6,0.6,1.8,1.2
2017-01-28 00:00:00,23,8,A,1617,1,0,48,98,134,267,0.0,3.0,14.0,8.0,1.6,0.6,1.0,1.2
2017-02-04 00:00:00,4,23,D,1617,1,0,305,139,199,75,0.0,1.0,6.0,16.0,1.4,0.8,2.2,1.4
2017-02-04 00:00:00,5,20,H,1617,1,0,23,182,120,138,1.0,0.0,13.0,27.0,0.2,1.6,0.8,2.2
2017-02-04 00:00:00,8,7,H,1617,1,0,276,38,52,335,1.0,3.0,12.0,21.0,1.4,1.6,0.6,0.8
2017-02-04 00:00:00,11,1,D,1617,1,0,360,138,280,4,3.0,1.0,11.0,24.0,0.8,2.2,0.8,0.6
2017-02-04 00:00:00,19,15,H,1617,1,0,213,354,130,267,0.0,3.0,12.0,15.0,1.8,1.0,1.0,1.6
2017-02-07 00:00:00,20,15,A,1617,1,0,183,239,178,211,0.0,0.0,12.0,16.0,1.6,0.6,1.4,1.0
2017-02-11 00:00:00,8,5,H,1617,1,0,335,251,261,59,3.0,1.0,19.0,24.0,0.4,1.8,1.0,0.8
2017-02-18 00:00:00,4,1,D,1617,1,0,102,48,67,4,1.0,1.0,12.0,17.0,0.8,1.2,0.8,1.4
2017-02-18 00:00:00,15,8,D,1617,1,0,322,354,352,332,3.0,3.0,17.0,26.0,1.8,1.2,1.0,1.8
2017-02-18 00:00:00,20,11,D,1617,1,0,183,120,182,353,0.0,3.0,28.0,16.0,1.0,0.4,0.6,1.0
2017-02-25 00:00:00,1,23,A,1617,1,0,18,48,170,26,0.0,1.0,7.0,9.0,1.6,1.0,2.0,1.0
2017-02-25 00:00:00,5,15,D,1617,1,0,206,107,282,313,3.0,3.0,15.0,30.0,1.4,2.0,1.4,2.0
2017-02-25 00:00:00,8,4,D,1617,1,0,118,35,330,292,3.0,3.0,12.0,27.0,2.0,1.8,2.0,1.4
2017-02-25 00:00:00,11,7,D,1617,1,0,40,135,94,233,1.0,0.0,12.0,25.0,1.4,2.2,0.8,0.6
2017-02-25 00:00:00,19,20,H,1617,1,0,314,62,287,169,3.0,0.0,13.0,18.0,0.2,1.4,1.4,1.4
2017-02-28 00:00:00,1,20,H,1617,1,0,129,143,179,179,0.0,0.0,13.0,9.0,0.4,1.0,1.8,1.2
2017-03-01 00:00:00,23,11,H,1617,1,0,260,14,167,118,0.0,1.0,29.0,8.0,1.2,0.8,0.6,1.4
2017-03-04 00:00:00,7,4,H,1617,1,0,46,13,12,98,1.0,1.0,13.0,14.0,2.0,1.2,2.2,1.2
2017-03-04 00:00:00,19,8,A,1617,1,0,347,40,339,111,3.0,1.0,18.0,21.0,2.0,1.4,1.4,1.6
2017-03-07 00:00:00,7,19,D,1617,1,0,259,237,248,276,3.0,3.0,16.0,17.0,2.0,2.0,1.4,1.2
2017-03-08 00:00:00,20,23,H,1617,1,0,170,330,62,252,1.0,3.0,10.0,17.0,1.8,0.6,1.4,1.0
2017-03-10 00:00:00,5,11,A,1617,1,0,70,127,94,161,1.0,0.0,29.0,31.0,1.0,2.0,0.8,1.4
2017-03-11 00:00:00,1,8,A,1617,1,0,287,256,303,280,3.0,3.0,21.0,12.0,2.2,1.2,1.0,1.6
2017-03-11 00:00:00,4,20,H,1617,1,0,127,300,23,182,1.0,0.0,13.0,18.0,0.4,1.2,1.8,1.4
2017-03-11 00:00:00,15,19,H,1617,1,0,36,79,118,93,1.0,1.0,17.0,27.0,1.8,1.6,1.2,2.0
2017-03-11 00:00:00,23,7,D,1617,1,0,232,88,299,78,3.0,1.0,13.0,11.0,1.6,1.0,1.2,1.6
2017-03-15 00:00:00,23,5,H,1617,1,0,78,146,101,142,1.0,0.0,19.0,12.0,0.2,0.8,1.6,1.4
2017-03-18 00:00:00,7,1,A,1617,1,0,31,218,84,4,1.0,1.0,13.0,18.0,1.0,1.8,1.0,1.4
2017-03-18 00:00:00,8,15,A,1617,1,0,328,255,111,105,1.0,1.0,16.0,28.0,1.4,1.8,1.2,1.4
2017-03-18 00:00:00,11,4,D,1617,1,0,286,286,32,155,1.0,0.0,13.0,26.0,2.2,1.8,2.8,0.4
2017-03-18 00:00:00,19,23,A,1617,1,0,148,269,235,206,0.0,0.0,10.0,21.0,1.2,1.0,1.4,1.4
2017-03-18 00:00:00,20,5,H,1617,1,0,222,171,264,170,3.0,0.0,19.0,20.0,0.6,1.0,2.2,1.2
2017-03-25 00:00:00,1,4,H,1617,1,0,316,97,223,53,0.0,1.0,14.0,12.0,1.8,0.6,2.4,1.6
2017-03-25 00:00:00,11,8,H,1617,1,0,97,231,12,336,1.0,3.0,24.0,27.0,2.8,1.8,1.0,1.2
2017-03-25 00:00:00,15,7,A,1617,1,0,328,133,282,27,3.0,1.0,14.0,30.0,1.2,1.6,0.8,1.6
2017-03-25 00:00:00,20,19,D,1617,1,0,317,171,331,153,3.0,0.0,17.0,23.0,1.8,1.2,1.2,1.0
2017-03-28 00:00:00,5,1,H,1617,1,0,179,348,153,246,0.0,3.0,16.0,31.0,1.0,1.8,0.8,1.0
2017-03-29 00:00:00,11,15,D,1617,1,0,276,231,248,278,3.0,3.0,19.0,30.0,1.4,2.0,1.0,1.4
2017-04-01 00:00:00,4,15,H,1617,1,0,155,78,251,93,3.0,1.0,20.0,21.0,0.6,1.8,0.8,1.0
2017-04-01 00:00:00,7,11,D,1617,1,0,288,93,151,296,0.0,3.0,32.0,18.0,0.8,1.6,0.6,1.4
2017-04-01 00:00:00,8,20,H,1617,1,0,199,106,159,183,0.0,0.0,13.0,28.0,0.2,1.6,2.4,1.4
2017-04-01 00:00:00,19,5,H,1617,1,0,58,303,200,179,0.0,0.0,19.0,21.0,0.8,1.0,2.4,1.4
2017-04-01 00:00:00,23,1,H,1617,1,0,332,237,277,205,3.0,0.0,16.0,15.0,1.2,1.2,1.2,1.6
2017-04-08 00:00:00,1,19,A,1617,1,0,200,263,317,52,3.0,1.0,18.0,15.0,1.4,1.0,1.4,1.6
2017-04-08 00:00:00,5,8,D,1617,1,0,223,309,294,233,3.0,0.0,24.0,34.0,2.2,1.8,1.2,0.6
2017-04-08 00:00:00,7,20,H,1617,1,0,97,157,52,183,1.0,0.0,13.0,19.0,0.2,1.6,2.2,1.4
2017-04-08 00:00:00,15,11,D,1617,1,0,148,32,215,99,0.0,1.0,33.0,30.0,0.8,1.4,0.8,1.0
2017-04-08 00:00:00,23,4,D,1617,1,0,353,295,335,140,3.0,0.0,14.0,18.0,1.8,2.4,2.4,1.0
2017-04-11 00:00:00,5,7,H,1617,1,0,75,276,99,252,1.0,3.0,17.0,35.0,1.0,1.4,0.8,0.8
2017-04-11 00:00:00,15,23,A,1617,1,0,50,118,72,312,1.0,3.0,13.0,31.0,1.4,1.2,1.0,1.2
2017-04-15 00:00:00,1,5,D,1617,1,0,188,268,227,182,0.0,0.0,19.0,15.0,1.2,0.8,2.6,1.6
2017-04-15 00:00:00,4,7,A,1617,1,0,99,214,327,206,3.0,0.0,17.0,24.0,0.6,2.0,1.0,0.4
2017-04-15 00:00:00,8,23,D,1617,1,0,103,282,296,347,3.0,3.0,16.0,31.0,2.0,1.6,1.0,1.8
2017-04-15 00:00:00,11,19,H,1617,1,0,12,331,84,261,1.0,3.0,21.0,31.0,1.2,1.4,0.8,1.6
2017-04-15 00:00:00,20,15,H,1617,1,0,174,139,111,153,1.0,0.0,20.0,24.0,0.6,1.2,0.4,1.0
2017-04-22 00:00:00,5,23,H,1617,1,0,90,94,276,116,3.0,1.0,17.0,38.0,2.0,1.0,1.0,1.0
2017-04-22 00:00:00,7,8,A,1617,1,0,314,35,261,78,3.0,1.0,25.0,22.0,2.0,1.6,1.2,1.2
2017-04-22 00:00:00,15,1,D,1617,1,0,169,63,146,191,0.0,0.0,16.0,31.0,1.4,1.0,2.2,1.2
2017-04-22 00:00:00,19,4,A,1617,1,0,232,155,309,48,3.0,1.0,15.0,24.0,1.4,1.8,2.4,0.8
2017-04-26 00:00:00,11,20,H,1617,1,0,248,301,272,183,3.0,0.0,13.0,34.0,0.2,1.8,1.8,1.6
2017-04-29 00:00:00,1,11,A,1617,1,0,22,326,76,34,1.0,1.0,34.0,16.0,0.8,0.8,1.0,1.6
2017-04-29 00:00:00,5,4,D,1617,1,0,273,295,335,260,3.0,3.0,18.0,41.0,1.4,1.4,2.2,1.4
2017-04-29 00:00:00,7,15,H,1617,1,0,226,58,209,173,0.0,0.0,20.0,22.0,0.4,0.8,0.8,0.8
2017-04-29 00:00:00,8,19,D,1617,1,0,255,199,99,209,1.0,0.0,21.0,32.0,0.8,1.6,1.2,1.6
2017-04-29 00:00:00,23,20,H,1617,1,0,153,222,112,183,1.0,0.0,13.0,19.0,0.4,2.4,2.0,1.2
2017-05-06 00:00:00,4,8,A,1617,1,0,99,86,231,269,0.0,3.0,28.0,24.0,2.0,1.8,1.0,0.6
2017-05-06 00:00:00,11,23,D,1617,1,0,352,294,334,160,3.0,0.0,17.0,37.0,2.0,2.0,1.6,1.8
2017-05-06 00:00:00,15,5,D,1617,1,0,142,92,50,62,1.0,1.0,20.0,32.0,1.0,0.8,2.4,1.0
2017-05-06 00:00:00,19,7,A,1617,1,0,67,318,224,312,0.0,3.0,20.0,24.0,1.0,1.4,0.6,1.2
2017-05-06 00:00:00,20,1,H,1617,1,0,196,130,280,65,3.0,1.0,17.0,27.0,1.4,1.6,2.2,1.0
2017-08-05 00:00:00,4,15,D,1718,1,0,155,49,199,180,0.0,0.0,0.0,0.0,1.0,0.0,3.0,1.0
2017-08-05 00:00:00,13,5,A,1718,1,0,0,32,0,22,0.0,1.0,1.0,0.0,1.0,0.0,1.0,1.0
2017-08-05 00:00:00,14,7,D,1718,1,0,223,348,211,347,0.0,3.0,3.0,0.0,1.0,0.0,0.0,1.0
2017-08-05 00:00:00,19,2,H,1718,1,0,144,0,196,0,0.0,0.0,0.0,0.0,0.0,0.0,0.0,0.0
2017-08-05 00:00:00,23,8,H,1718,1,0,99,272,280,332,3.0,3.0,3.0,3.0,1.0,5.0,0.0,1.0
2017-08-12 00:00:00,2,14,D,1718,1,0,121,75,0,188,0.0,0.0,0.0,0.0,1.0,0.0,3.0,1.0
2017-08-12 00:00:00,5,19,H,1718,1,0,254,291,112,71,1.0,1.0,1.0,1.0,2.0,2.0,2.0,2.0
2017-08-12 00:00:00,7,13,H,1718,1,0,116,121,313,0,3.0,0.0,0.0,3.0,0.0,3.0,0.0,0.0
2017-08-12 00:00:00,8,4,D,1718,1,0,213,53,34,88,1.0,1.0,1.0,1.0,2.0,2.0,2.0,2.0
2017-08-12 00:00:00,15,23,H,1718,1,0,18,276,18,54,1.0,1.0,1.0,1.0,1.0,1.0,1.0,1.0
2017-08-19 00:00:00,5,2,H,1718,1,0,328,41,280,121,3.0,0.0,0.0,4.0,0.5,2.0,2.0,1.5
2017-08-19 00:00:00,7,8,H,1718,1,0,281,72,347,232,3.0,0.0,3.0,6.0,1.0,4.0,1.5,0.5
2017-08-19 00:00:00,13,15,D,1718,1,0,162,250,121,61,0.0,1.0,1.0,0.0,0.5,0.0,1.5,0.5
2017-08-19 00:00:00,14,23,A,1718,1,0,26,214,71,140,1.0,0.0,1.0,1.0,1.0,0.5,2.5,1.0
2017-08-19 00:00:00,19,4,H,1718,1,0,219,19,308,31,3.0,1.0,2.0,3.0,1.5,2.0,1.5,0.5
2017-08-26 00:00:00,2,13,A,1718,1,0,136,55,0,121,1.0,0.0,0.0,1.0,0.5,1.0,2.5,1.0
2017-08-26 00:00:00,4,7,A,1718,1,0,129,336,67,116,1.0,1.0,4.0,1.0,1.0,0.0,0.5,1.0
2017-08-26 00:00:00,8,19,A,1718,1,0,146,316,13,146,1.0,0.0,1.0,2.0,1.5,1.5,2.0,1.5
2017-08-26 00:00:00,15,14,A,1718,1,0,85,131,250,63,3.0,1.0,1.0,4.0,1.5,2.5,2.5,1.5
2017-08-26 00:00:00,23,5,H,1718,1,0,314,352,336,251,3.0,3.0,4.0,6.0,1.0,4.0,0.5,1.0
2017-09-09 00:00:00,2,8,D,1718,1,0,168,171,122,199,0.0,0.0,3.0,1.0,1.0,0.6666666666666666,2.0,1.0
2017-09-09 00:00:00,5,4,D,1718,1,0,239,166,336,133,3.0,0.0,2.0,7.0,1.0,1.6666666666666667,1.3333333333333333,1.0
2017-09-09 00:00:00,14,19,D,1718,1,0,287,348,146,292,0.0,3.0,4.0,1.0,2.3333333333333335,0.6666666666666666,1.6666666666666667,2.0
2017-09-09 00:00:00,15,7,H,1718,1,0,151,354,206,281,0.0,3.0,7.0,4.0,2.0,1.6666666666666667,0.3333333333333333,2.3333333333333335
2017-09-09 00:00:00,23,13,H,1718,1,0,347,262,354,283,3.0,3.0,3.0,9.0,1.6666666666666667,3.6666666666666665,1.6666666666666667,2.0
2017-09-16 00:00:00,4,2,H,1718,1,0,57,58,144,162,0.0,0.0,0.0,1.0,0.3333333333333333,0.0,1.6666666666666667,0.6666666666666666
2017-09-16 00:00:00,7,23,H,1718,1,0,239,358,358,290,3.0,3.0,4.0,9.0,1.6666666666666667,3.6666666666666665,2.0,1.3333333333333333
2017-09-16 00:00:00,8,5,D,1718,1,0,58,80,127,206,0.0,0.0,4.0,2.0,0.6666666666666666,1.3333333333333333,1.3333333333333333,1.0
2017-09-16 00:00:00,13,14,A,1718,1,0,210,97,41,264,1.0,3.0,4.0,1.0,1.3333333333333333,0.3333333333333333,1.6666666666666667,0.6666666666666666
2017-09-16 00:00:00,19,15,A,1718,1,0,116,294,345,22,3.0,1.0,2.0,6.0,0.6666666666666666,1.6666666666666667,1.3333333333333333,0.6666666666666666
2017-09-23 00:00:00,2,7,A,1718,1,0,142,322,42,215,1.0,0.0,7.0,2.0,2.0,0.75,1.0,1.25
2017-09-23 00:00:00,4,13,H,1718,1,0,263,192,291,216,3.0,0.0,3.0,4.0,1.75,0.5,2.25,1.0
2017-09-23 00:00:00,5,15,H,1718,1,0,27,341,112,251,1.0,3.0,5.0,8.0,1.0,1.5,1.25,1.25
2017-09-23 00:00:00,8,14,A,1718,1,0,21,276,44,331,1.0,3.0,7.0,3.0,1.75,1.0,1.5,1.5
2017-09-24 00:00:00,23,19,H,1718,1,0,240,160,360,98,3.0,1.0,5.0,12.0,2.25,3.75,1.75,2.0
2017-09-30 00:00:00,7,5,A,1718,1,0,349,252,361,70,3.0,1.0,5.0,12.0,0.5,3.5,1.0,1.0
2017-09-30 00:00:00,13,19,D,1718,1,0,186,175,136,155,0.0,0.0,5.0,1.0,2.0,0.5,2.0,0.75
2017-09-30 00:00:00,14,4,H,1718,1,0,335,331,50,46,1.0,1.0,3.0,2.0,1.0,1.0,1.25,1.75
2017-09-30 00:00:00,15,8,A,1718,1,0,235,130,312,67,3.0,1.0,4.0,7.0,1.0,2.0,1.75,2.0
2017-09-30 00:00:00,23,2,H,1718,1,0,322,170,362,176,3.0,0.0,0.0,15.0,0.5,3.6,1.75,1.8
2017-10-14 00:00:00,2,15,A,1718,1,0,179,200,137,206,0.0,0.0,5.0,2.0,1.0,0.6,1.4,1.2
2017-10-14 00:00:00,4,23,A,1718,1,0,232,349,340,219,3.0,0.0,4.0,7.0,1.25,0.8,2.25,0.8
2017-10-14 00:00:00,8,13,D,1718,1,0,287,63,138,194,0.0,0.0,3.0,3.0,1.6,0.8,2.2,1.4
2017-10-14 00:00:00,14,5,H,1718,1,0,354,327,260,267,3.0,3.0,8.0,5.0,1.0,1.2,1.0,2.0
2017-10-14 00:00:00,19,7,D,1718,1,0,59,237,236,314,0.0,3.0,10.0,6.0,2.2,1.5,0.8,1.25
2017-10-21 00:00:00,2,19,A,1718,1,0,182,21,169,53,0.0,1.0,6.0,2.0,1.6,0.6,1.6,1.0
2017-10-21 00:00:00,5,13,A,1718,1,0,231,22,280,66,3.0,1.0,4.0,11.0,1.6,1.6,2.2,1.0
2017-10-21 00:00:00,7,14,H,1718,1,0,79,360,241,353,0.0,3.0,10.0,12.0,1.8,3.0,1.2,1.2
2017-10-21 00:00:00,8,23,D,1718,1,0,97,358,48,316,1.0,3.0,7.0,4.0,1.4,0.4,1.8,1.4
2017-10-21 00:00:00,15,4,D,1718,1,0,309,199,226,138,0.0,0.0,3.0,7.0,1.0,1.6,1.4,1.8
2017-10-28 00:00:00,4,5,A,1718,1,0,67,199,235,211,0.0,0.0,8.0,7.0,0.8,0.8,1.2,0.6
2017-10-28 00:00:00,13,7,H,1718,1,0,251,269,47,105,1.0,1.0,11.0,2.0,2.0,0.4,0.8,0.6
2017-10-28 00:00:00,14,2,H,1718,1,0,241,183,330,181,3.0,0.0,0.0,8.0,0.6,1.6,1.8,2.0
2017-10-28 00:00:00,19,8,H,1718,1,0,251,34,79,265,1.0,3.0,7.0,7.0,1.0,1.2,1.4,1.2
2017-10-28 00:00:00,23,15,D,1718,1,0,119,103,362,312,3.0,3.0,8.0,18.0,1.0,3.0,0.8,1.8
2017-11-04 00:00:00,2,4,A,1718,1,0,183,144,179,48,0.0,1.0,4.0,2.0,0.8,0.2,1.2,1.0
2017-11-04 00:00:00,5,23,H,1718,1,0,309,40,215,106,0.0,1.0,8.0,11.0,1.2,1.2,1.6,0.6
2017-11-04 00:00:00,8,7,D,1718,1,0,134,211,18,157,1.0,0.0,11.0,5.0,1.8,0.2,0.8,1.2
2017-11-04 00:00:00,14,13,D,1718,1,0,322,327,353,265,3.0,3.0,7.0,11.0,1.8,2.0,1.2,2.2
2017-11-04 00:00:00,15,19,A,1718,1,0,35,327,76,261,1.0,3.0,9.0,8.0,1.6,1.6,1.2,1.8
2017-11-19 00:00:00,5,8,H,1718,1,0,345,46,314,210,3.0,0.0,7.0,14.0,1.2,1.2,2.2,0.8
2017-11-21 00:00:00,7,15,D,1718,1,0,71,134,322,105,3.0,1.0,9.0,15.0,1.4,3.0,1.2,1.6
2017-11-25 00:00:00,2,5,D,1718,1,0,183,357,182,313,0.0,3.0,11.0,2.0,1.0,0.2,1.2,1.2
2017-11-25 00:00:00,7,4,D,1718,1,0,25,291,107,260,1.0,3.0,7.0,16.0,0.8,2.2,1.0,1.6
2017-11-25 00:00:00,8,15,A,1718,1,0,138,46,8,36,1.0,1.0,10.0,6.0,1.4,0.2,1.2,1.4
2017-11-25 00:00:00,13,23,A,1718,1,0,110,135,260,157,3.0,0.0,8.0,5.0,1.2,0.6,1.2,0.6
2017-11-25 00:00:00,19,14,A,1718,1,0,352,107,269,239,3.0,0.0,10.0,10.0,1.8,2.0,1.2,1.4
2017-11-28 00:00:00,4,19,D,1718,1,0,98,239,200,330,0.0,3.0,12.0,7.0,1.2,0.8,1.2,0.8
2017-11-28 00:00:00,13,2,H,1718,1,0,159,62,209,183,0.0,0.0,0.0,5.0,1.0,0.6,2.4,1.0
2017-11-28 00:00:00,23,14,H,1718,1,0,288,278,120,322,1.0,3.0,13.0,19.0,2.0,2.8,0.8,2.2
2017-12-02 00:00:00,5,7,H,1718,1,0,119,10,347,53,3.0,1.0,12.0,17.0,1.2,1.6,1.0,1.0
2017-12-02 00:00:00,15,2,H,1718,1,0,259,143,147,183,0.0,0.0,0.0,8.0,0.8,1.0,2.4,1.4
2017-12-02 00:00:00,19,13,D,1718,1,0,80,296,211,89,0.0,1.0,8.0,10.0,1.0,1.2,1.2,1.2
2017-12-02 00:00:00,23,4,A,1718,1,0,339,34,282,88,3.0,1.0,8.0,22.0,1.2,2.8,1.2,1.8
2017-12-09 00:00:00,2,23,A,1718,1,0,170,235,62,295,1.0,3.0,11.0,3.0,1.0,0.2,1.0,1.2
2017-12-09 00:00:00,7,19,A,1718,1,0,126,27,36,111,1.0,1.0,13.0,17.0,1.2,2.0,1.2,1.4
2017-12-09 00:00:00,15,5,A,1718,1,0,330,282,292,105,3.0,1.0,12.0,11.0,1.2,1.8,0.8,0.8
2017-12-16 00:00:00,13,4,H,1718,1,0,99,255,313,273,3.0,3.0,11.0,8.0,1.2,1.2,1.0,1.0
2017-12-16 00:00:00,23,7,H,1718,1,0,321,165,215,140,0.0,0.0,12.0,22.0,1.0,2.0,0.8,1.6
2017-12-19 00:00:00,14,8,D,1718,1,0,214,169,118,192,1.0,0.0,7.0,12.0,1.0,1.8,2.2,1.4
2017-12-23 00:00:00,4,8,D,1718,1,0,207,58,67,65,1.0,1.0,8.0,8.0,0.8,1.2,1.6,0.8
2017-12-23 00:00:00,5,14,H,1718,1,0,336,72,358,228,3.0,0.0,13.0,20.0,2.0,1.8,1.4,0.8
2017-12-23 00:00:00,7,2,H,1718,1,0,178,179,134,183,0.0,0.0,0.0,17.0,1.0,1.8,3.0,1.6
2017-12-23 00:00:00,15,13,H,1718,1,0,232,276,219,31,0.0,1.0,9.0,11.0,0.6,1.2,0.4,0.6
2017-12-23 00:00:00,19,23,A,1718,1,0,252,349,71,341,1.0,3.0,14.0,11.0,1.4,1.0,0.6,1.4
2017-12-26 00:00:00,4,14,A,1718,1,0,70,146,23,197,1.0,0.0,13.0,9.0,1.4,0.8,1.8,0.4
2017-12-29 00:00:00,23,5,H,1718,1,0,358,354,314,278,3.0,3.0,15.0,25.0,1.6,1.6,0.8,1.8
2017-12-30 00:00:00,2,13,A,1718,1,0,182,214,143,133,0.0,0.0,9.0,3.0,0.4,0.4,0.2,1.0
2017-12-30 00:00:00,8,19,H,1718,1,0,21,206,126,280,0.0,3.0,16.0,6.0,2.0,0.2,1.0,1.8
2018-01-02 00:00:00,5,2,H,1718,1,0,239,183,361,183,3.0,0.0,0.0,23.0,1.0,2.0,3.0,1.0
2018-01-02 00:00:00,7,8,H,1718,1,0,303,251,288,23,3.0,1.0,9.0,20.0,0.6,2.0,1.4,1.2
2018-01-02 00:00:00,13,14,D,1718,1,0,314,292,347,308,3.0,3.0,16.0,11.0,1.8,1.2,2.0,1.6
2018-01-02 00:00:00,15,23,D,1718,1,0,320,361,316,356,3.0,3.0,17.0,14.0,1.6,1.4,1.0,1.0
2018-01-02 00:00:00,19,4,D,1718,1,0,191,146,146,213,0.0,0.0,11.0,11.0,1.0,1.2,0.8,0.8
2018-01-06 00:00:00,2,15,D,1718,1,0,183,107,170,255,0.0,3.0,13.0,3.0,1.6,0.8,1.0,1.6
2018-01-06 00:00:00,4,7,A,1718,1,0,50,344,130,169,0.0,0.0,12.0,9.0,0.4,0.6,1.0,0.4
2018-01-06 00:00:00,8,5,H,1718,1,0,206,322,286,214,3.0,0.0,15.0,9.0,1.0,0.8,1.0,1.6
2018-01-06 00:00:00,14,19,A,1718,1,0,98,65,40,215,1.0,0.0,16.0,13.0,2.4,1.4,1.6,1.6
2018-01-06 00:00:00,23,13,H,1718,1,0,120,105,347,288,3.0,3.0,12.0,28.0,1.0,1.6,0.6,2.2
2018-01-09 00:00:00,13,8,H,1718,1,0,157,312,116,130,1.0,0.0,9.0,12.0,0.4,1.4,1.8,1.6
2018-01-13 00:00:00,2,14,A,1718,1,0,62,155,58,103,1.0,1.0,17.0,4.0,1.8,1.0,1.6,1.6
2018-01-13 00:00:00,4,23,A,1718,1,0,139,282,166,119,0.0,1.0,18.0,9.0,1.8,0.6,1.2,0.6
2018-01-13 00:00:00,7,5,D,1718,1,0,357,228,339,193,3.0,0.0,15.0,23.0,1.2,1.8,1.8,1.0
2018-01-13 00:00:00,13,19,H,1718,1,0,295,265,281,314,3.0,3.0,19.0,15.0,2.4,2.0,1.6,1.6
2018-01-13 00:00:00,15,8,A,1718,1,0,36,226,106,166,1.0,0.0,9.0,15.0,0.2,1.4,1.8,1.0
2018-01-26 00:00:00,7,23,A,1718,1,0,119,336,114,282,1.0,3.0,21.0,24.0,2.0,1.6,0.8,1.2
2018-01-27 00:00:00,5,15,A,1718,1,0,76,134,362,86,3.0,1.0,14.0,26.0,1.6,2.8,0.8,1.2
2018-01-27 00:00:00,8,13,H,1718,1,0,318,341,339,218,3.0,0.0,12.0,12.0,0.6,2.0,0.8,1.2
2018-01-27 00:00:00,14,4,H,1718,1,0,295,169,135,72,0.0,1.0,12.0,13.0,0.8,1.0,0.6,1.0
2018-01-27 00:00:00,19,2,H,1718,1,0,210,143,50,183,1.0,0.0,0.0,12.0,1.0,1.2,3.4,0.8
2018-02-03 00:00:00,8,14,A,1718,1,0,348,341,356,277,3.0,3.0,20.0,15.0,1.6,2.6,1.6,1.6
2018-02-03 00:00:00,15,7,H,1718,1,0,288,161,157,300,0.0,3.0,15.0,15.0,0.6,1.2,1.0,1.2
2018-02-03 00:00:00,23,19,H,1718,1,0,354,313,358,226,3.0,0.0,19.0,31.0,2.2,1.4,2.0,1.8
2018-02-06 00:00:00,8,2,H,1718,1,0,237,170,240,183,0.0,0.0,0.0,15.0,0.8,2.6,3.4,1.6
2018-02-10 00:00:00,14,7,D,1718,1,0,356,175,288,222,3.0,0.0,15.0,16.0,0.8,1.0,1.2,1.0
2018-02-17 00:00:00,2,8,A,1718,1,0,179,321,142,299,0.0,3.0,12.0,4.0,0.4,1.0,1.2,1.4
2018-02-17 00:00:00,14,23,H,1718,1,0,119,360,97,336,1.0,3.0,24.0,17.0,2.0,0.4,1.0,1.0
2018-02-17 00:00:00,19,15,D,1718,1,0,226,339,260,272,3.0,3.0,17.0,15.0,2.0,1.0,0.8,1.2
2018-02-20 00:00:00,4,15,A,1718,1,0,179,114,178,92,0.0,1.0,18.0,9.0,1.8,0.6,0.6,0.4
2018-02-23 00:00:00,14,5,H,1718,1,0,282,147,276,65,3.0,1.0,16.0,20.0,0.8,1.2,1.8,1.0
2018-02-24 00:00:00,8,4,D,1718,1,0,349,182,322,146,3.0,0.0,12.0,18.0,0.6,3.2,1.0,0.6
2018-02-24 00:00:00,13,15,A,1718,1,0,235,281,336,274,3.0,3.0,21.0,18.0,1.8,2.6,0.4,1.4
2018-02-24 00:00:00,19,7,D,1718,1,0,76,59,88,75,1.0,1.0,16.0,16.0,0.6,1.2,1.0,1.2
2018-02-24 00:00:00,23,2,H,1718,1,0,241,182,361,183,3.0,0.0,0.0,34.0,1.0,1.2,3.2,1.6
2018-02-27 00:00:00,15,14,A,1718,1,0,336,336,295,335,3.0,3.0,23.0,18.0,2.0,0.8,1.2,1.6
2018-03-10 00:00:00,4,19,A,1718,1,0,62,26,182,197,0.0,0.0,19.0,9.0,1.8,0.2,2.0,0.4
2018-03-10 00:00:00,8,15,H,1718,1,0,116,233,107,334,1.0,3.0,24.0,19.0,1.6,2.6,0.4,1.0
2018-03-10 00:00:00,23,7,H,1718,1,0,322,21,362,26,3.0,1.0,17.0,37.0,0.4,1.4,0.6,1.4
2018-03-13 00:00:00,4,2,H,1718,1,0,143,183,183,183,0.0,0.0,0.0,9.0,0.8,0.2,2.6,0.4
2018-03-13 00:00:00,7,13,H,1718,1,0,130,200,160,195,0.0,0.0,12.0,24.0,0.8,1.4,1.4,1.0
2018-03-13 00:00:00,14,15,D,1718,1,0,354,199,335,233,3.0,0.0,24.0,23.0,1.6,1.6,0.8,0.8
2018-03-13 00:00:00,19,5,A,1718,1,0,252,171,31,144,1.0,0.0,16.0,17.0,0.8,1.2,2.0,1.0
2018-03-17 00:00:00,2,4,A,1718,1,0,183,291,170,50,0.0,1.0,13.0,4.0,0.2,0.8,0.6,1.0
2018-03-17 00:00:00,5,13,D,1718,1,0,300,188,241,187,0.0,0.0,12.0,26.0,0.8,2.4,1.6,0.8
2018-03-17 00:00:00,7,15,D,1718,1,0,287,67,296,78,3.0,1.0,25.0,27.0,1.2,1.2,1.0,1.0
2018-03-17 00:00:00,14,8,D,1718,1,0,118,281,112,343,1.0,3.0,15.0,24.0,0.6,1.8,1.2,1.0
2018-03-17 00:00:00,19,23,A,1718,1,0,206,349,133,233,0.0,0.0,24.0,17.0,1.8,1.0,1.6,1.2
2018-03-20 00:00:00,2,7,A,1718,1,0,183,97,179,131,0.0,0.0,17.0,4.0,0.4,0.8,0.8,1.0
2018-03-20 00:00:00,5,19,A,1718,1,0,101,191,80,308,1.0,3.0,22.0,27.0,1.0,2.0,1.6,0.8
2018-03-24 00:00:00,5,7,D,1718,1,0,156,276,148,287,0.0,3.0,20.0,27.0,0.8,2.0,0.8,1.2
2018-03-24 00:00:00,15,2,H,1718,1,0,23,183,220,183,0.0,0.0,0.0,18.0,0.6,0.8,2.4,1.6
2018-03-24 00:00:00,19,14,D,1718,1,0,307,40,167,354,0.0,3.0,26.0,17.0,2.2,1.2,0.6,1.2
2018-03-27 00:00:00,13,5,H,1718,1,0,63,53,233,291,0.0,3.0,19.0,18.0,1.0,1.8,2.2,1.8
2018-03-27 00:00:00,23,4,H,1718,1,0,358,340,362,260,3.0,3.0,16.0,40.0,0.6,1.6,0.8,1.6
2018-03-31 00:00:00,4,14,A,1718,1,0,235,14,304,118,3.0,1.0,27.0,12.0,2.0,0.2,1.0,1.0
2018-03-31 00:00:00,7,19,H,1718,1,0,93,103,99,345,1.0,3.0,25.0,28.0,1.2,0.8,1.4,1.6
2018-03-31 00:00:00,8,2,H,1718,1,0,94,183,278,183,3.0,0.0,0.0,22.0,0.4,2.0,2.0,1.0
2018-03-31 00:00:00,13,23,D,1718,1,0,264,361,320,320,3.0,3.0,27.0,21.0,1.8,1.8,1.4,1.6
2018-03-31 00:00:00,15,5,D,1718,1,0,251,140,316,219,3.0,0.0,19.0,21.0,1.0,1.0,2.0,1.0
2018-04-03 00:00:00,5,4,H,1718,1,0,48,200,50,209,1.0,0.0,16.0,28.0,0.6,1.6,1.6,1.0
2018-04-03 00:00:00,7,14,H,1718,1,0,274,248,276,282,3.0,3.0,30.0,31.0,2.4,1.0,0.8,2.0
2018-04-03 00:00:00,13,2,H,1718,1,0,89,183,107,183,1.0,0.0,0.0,22.0,0.2,2.0,2.0,1.6
2018-04-03 00:00:00,19,8,D,1718,1,0,156,274,57,115,1.0,1.0,16.0,18.0,0.6,1.2,1.2,0.6
2018-04-07 00:00:00,2,23,A,1718,1,0,183,120,182,107,0.0,1.0,28.0,4.0,2.0,0.4,1.6,0.8
2018-04-07 00:00:00,4,5,H,1718,1,0,188,260,223,74,0.0,1.0,20.0,12.0,1.0,0.2,1.0,1.0
2018-04-07 00:00:00,8,7,A,1718,1,0,92,334,335,97,3.0,1.0,21.0,25.0,0.8,2.0,0.6,0.8
2018-04-07 00:00:00,14,15,H,1718,1,0,205,85,38,27,1.0,1.0,26.0,25.0,1.0,1.4,0.8,0.8
2018-04-07 00:00:00,19,13,A,1718,1,0,53,273,21,63,1.0,1.0,13.0,19.0,1.0,1.4,1.6,0.8
2018-04-10 00:00:00,5,23,H,1718,1,0,209,282,260,278,3.0,3.0,31.0,31.0,1.8,1.2,1.6,1.0
2018-04-10 00:00:00,13,8,H,1718,1,0,334,153,278,39,3.0,1.0,17.0,25.0,1.0,2.0,1.2,1.8
2018-04-10 00:00:00,15,4,H,1718,1,0,151,305,106,192,1.0,0.0,16.0,22.0,0.6,1.0,2.0,0.8
2018-04-14 00:00:00,5,8,H,1718,1,0,313,173,330,135,3.0,0.0,17.0,34.0,0.8,1.4,0.6,1.0
2018-04-14 00:00:00,7,2,H,1718,1,0,354,183,335,183,3.0,0.0,0.0,34.0,0.0,1.2,2.2,1.6
2018-04-14 00:00:00,13,4,H,1718,1,0,354,223,335,186,3.0,0.0,16.0,28.0,1.0,1.6,2.2,2.0
2018-04-14 00:00:00,15,19,A,1718,1,0,294,140,278,236,3.0,0.0,25.0,25.0,1.2,1.6,2.0,0.8
2018-04-14 00:00:00,23,14,D,1718,1,0,215,312,362,215,3.0,0.0,30.0,43.0,2.0,2.2,1.0,1.0
2018-04-17 00:00:00,2,5,A,1718,1,0,183,347,183,147,0.0,0.0,20.0,4.0,1.4,0.2,1.6,1.0
2018-04-17 00:00:00,23,8,A,1718,1,0,72,180,120,167,1.0,0.0,17.0,44.0,0.6,2.0,0.8,0.8
2018-04-18 00:00:00,4,13,A,1718,1,0,196,360,317,264,3.0,3.0,16.0,15.0,0.8,0.8,1.2,1.2
2018-04-21 00:00:00,4,8,A,1718,1,0,187,303,227,299,0.0,3.0,20.0,15.0,0.8,0.8,1.0,1.6
2018-04-21 00:00:00,13,7,D,1718,1,0,362,360,354,276,3.0,3.0,24.0,31.0,1.2,2.6,0.8,1.8
2018-04-21 00:00:00,14,2,H,1718,1,0,105,183,256,183,3.0,0.0,0.0,28.0,0.0,2.0,2.8,0.4
2018-04-21 00:00:00,19,5,H,1718,1,0,290,358,130,292,0.0,3.0,23.0,19.0,2.2,1.4,1.2,1.6
2018-04-21 00:00:00,23,15,H,1718,1,0,146,220,161,131,0.0,0.0,26.0,44.0,1.2,1.8,1.4,1.0
2018-04-24 00:00:00,14,13,A,1718,1,0,278,120,328,331,3.0,3.0,19.0,31.0,1.0,1.8,1.0,0.6
2018-04-28 00:00:00,2,19,A,1718,1,0,183,340,183,321,0.0,3.0,28.0,4.0,1.2,0.2,1.4,1.0
2018-04-28 00:00:00,5,14,H,1718,1,0,240,214,353,72,3.0,1.0,31.0,37.0,1.4,1.4,0.8,0.8
2018-04-28 00:00:00,7,4,H,1718,1,0,120,184,354,184,3.0,0.0,16.0,37.0,1.2,1.8,3.2,1.6
2018-04-28 00:00:00,8,23,H,1718,1,0,344,292,233,214,0.0,0.0,31.0,25.0,1.4,2.0,1.6,0.6
2018-04-28 00:00:00,15,13,A,1718,1,0,195,282,214,353,0.0,3.0,22.0,25.0,1.0,1.2,0.4,0.4
2018-08-04 00:00:00,1,16,H,1819,1,0,166,0,147,0,0.0,0.0,0.0,0.0,0.0,0.0,0.0,0.0
2018-08-04 00:00:00,5,7,A,1819,1,0,322,282,360,93,3.0,1.0,1.0,3.0,2.0,2.0,2.0,2.0
2018-08-04 00:00:00,8,13,A,1819,1,0,357,336,320,360,3.0,3.0,3.0,3.0,3.0,1.0,0.0,3.0
2018-08-04 00:00:00,15,19,D,1819,1,0,187,356,193,349,0.0,3.0,3.0,0.0,5.0,0.0,1.0,5.0
2018-08-04 00:00:00,22,0,H,1819,1,0,0,12,0,22,0.0,1.0,1.0,0.0,1.0,0.0,1.0,1.0
2018-08-11 00:00:00,0,15,A,1819,1,0,127,63,34,166,1.0,0.0,0.0,1.0,1.0,1.0,2.0,1.0
2018-08-11 00:00:00,7,22,A,1819,1,0,336,242,360,0,3.0,0.0,0.0,3.0,0.0,4.0,0.0,0.0
2018-08-11 00:00:00,13,1,D,1819,1,0,354,299,118,144,1.0,0.0,0.0,1.0,1.0,2.0,2.0,1.0
2018-08-11 00:00:00,16,8,H,1819,1,0,121,240,0,343,0.0,3.0,3.0,0.0,5.0,0.0,2.0,5.0
2018-08-11 00:00:00,19,5,A,1819,1,0,119,228,287,219,3.0,0.0,0.0,3.0,0.0,3.0,3.0,0.0
2018-08-25 00:00:00,1,7,H,1819,1,0,101,233,292,274,3.0,3.0,4.0,3.0,2.5,1.0,2.0,1.5
2018-08-25 00:00:00,5,16,H,1819,1,0,318,283,241,121,0.0,0.0,0.0,3.0,0.0,2.0,1.0,1.0
2018-08-25 00:00:00,8,19,A,1819,1,0,201,161,228,116,0.0,1.0,4.0,3.0,3.5,0.5,1.5,2.5
2018-08-25 00:00:00,13,0,D,1819,1,0,118,165,40,130,1.0,0.0,1.0,2.0,0.5,1.0,1.0,0.5
2018-08-25 00:00:00,15,22,H,1819,1,0,264,323,65,242,1.0,3.0,3.0,1.0,1.5,1.0,0.5,4.0
2018-09-01 00:00:00,0,5,D,1819,1,0,57,348,134,316,0.0,3.0,3.0,1.0,1.0,0.5,2.0,1.5
2018-09-01 00:00:00,7,13,A,1819,1,0,199,40,241,362,0.0,3.0,6.0,3.0,2.0,2.5,0.0,0.5
2018-09-01 00:00:00,16,15,H,1819,1,0,216,331,242,299,3.0,3.0,3.0,3.0,1.5,1.0,1.0,3.5
2018-09-01 00:00:00,19,1,H,1819,1,0,296,277,218,49,0.0,1.0,1.0,3.0,0.5,2.0,1.0,0.0
2018-09-01 00:00:00,22,8,H,1819,1,0,229,188,242,236,3.0,0.0,3.0,3.0,3.0,0.5,2.0,1.0
2018-09-15 00:00:00,1,8,H,1819,1,0,214,184,340,200,3.0,0.0,3.0,6.0,2.0,2.0,2.0,1.0
2018-09-15 00:00:00,5,15,D,1819,1,0,116,232,322,222,3.0,0.0,3.0,6.0,1.0,2.3333333333333335,1.0,0.6666666666666666
2018-09-15 00:00:00,7,0,D,1819,1,0,188,21,201,45,0.0,1.0,2.0,3.0,1.0,1.6666666666666667,1.3333333333333333,1.0
2018-09-15 00:00:00,13,16,H,1819,1,0,256,315,14,162,1.0,0.0,0.0,3.0,0.3333333333333333,1.3333333333333333,1.6666666666666667,0.6666666666666666
2018-09-15 00:00:00,19,22,D,1819,1,0,341,319,316,202,3.0,0.0,3.0,6.0,1.3333333333333333,3.0,1.0,0.3333333333333333
2018-09-22 00:00:00,0,1,A,1819,1,0,9,314,46,139,1.0,0.0,1.0,2.0,0.3333333333333333,0.6666666666666666,2.3333333333333335,1.0
2018-09-22 00:00:00,8,5,A,1819,1,0,183,39,197,106,0.0,1.0,4.0,3.0,1.0,0.3333333333333333,1.6666666666666667,2.0
2018-09-22 00:00:00,15,7,D,1819,1,0,78,63,265,213,3.0,0.0,4.0,4.0,2.0,1.3333333333333333,2.6666666666666665,3.0
2018-09-22 00:00:00,16,19,H,1819,1,0,227,114,323,281,3.0,3.0,7.0,6.0,3.3333333333333335,1.0,1.0,3.3333333333333335
2018-09-22 00:00:00,22,13,D,1819,1,0,107,328,323,362,3.0,3.0,9.0,6.0,2.3333333333333335,1.0,0.0,1.6666666666666667
2018-09-28 00:00:00,7,16,H,1819,1,0,22,318,67,176,1.0,0.0,0.0,4.0,0.75,1.25,2.0,1.25
2018-09-29 00:00:00,0,8,A,1819,1,0,126,183,138,188,0.0,0.0,3.0,2.0,2.0,0.5,2.25,1.25
2018-09-29 00:00:00,5,22,A,1819,1,0,256,36,107,68,1.0,1.0,4.0,7.0,1.0,2.0,0.75,0.5
2018-09-29 00:00:00,13,19,D,1819,1,0,110,160,248,215,3.0,0.0,7.0,6.0,3.0,1.75,1.5,1.0
2018-09-29 00:00:00,15,1,A,1819,1,0,27,347,89,290,1.0,3.0,4.0,5.0,0.75,1.25,1.75,2.75
2018-10-06,1,6,D,1819,0,15:00,358,0,356,0,3.0,0.0,0.0,3.0,0.0,3.0,0.0,0.0
2018-10-06,8,7,D,1819,0,15:00,304,251,187,72,0.0,1.0,1.0,0.0,1.0,0.0,1.0,1.0
2018-10-06,12,15,D,1819,0,15:00,0,131,0,75,0.0,1.0,1.0,0.0,1.0,0.0,1.0,1.0
2018-10-06,17,22,D,1819,0,15:00,0,255,0,266,0.0,3.0,3.0,0.0,5.0,0.0,1.0,5.0
2018-10-06,18,0,D,1819,0,15:00,0,165,0,17,0.0,1.0,1.0,0.0,0.0,0.0,0.0,0.0
